feature,n,IC_next_ret,IC_next_hi,IC_next_lo,IC_next_range,ret_2022,ret_2023,ret_2024,ret_2025,ret_2026
ob_imb1,1365,-0.012382671831633761,-0.009382844622898047,0.037407911759084665,0.05126267688065143,,-0.06193838022802435,0.04801796052136422,-0.05358237283206869,1.5676627354508837e-05
ob_imb2,1365,-0.0018607073652414424,-0.024716275907057637,-0.010840030363812663,-0.009508356232817556,,-0.01904604464740033,0.02556437169076231,-0.07025411754752679,0.083389407423486
ob_imb5,1365,0.046785476440129155,0.026347088435163597,0.0010463108300292755,0.04400669714891949,,0.04496474376446717,0.04199416123961374,-0.006016244768792915,0.09853423534235342
ob_imb1_l6,1359,-0.028775817183156697,-0.03837551719137855,0.035306671088576776,0.0004682732457272723,,-0.0609092985944008,0.030755297006853668,-0.06859521291307238,-0.040794202059667654
ob_imb5_l6,1359,0.03816740113368642,0.034633179949632005,-0.005839012577306529,0.032914345684472546,,-0.0057864075587752105,0.04802495138734241,0.019452878586256227,0.07487036635072233
ob_imb5_d1,1363,0.0231346922017382,0.01027103236872669,0.0017398823723509458,0.047253658901410894,,0.08329303194012946,0.017277027824979148,-0.005097025904116655,-0.000467284084605552
ob_depth1_z,1304,-0.02500572712951398,-0.10876582170286088,-0.11345621363036829,-0.1990560748892606,,-0.0695439780744049,-0.0031499445311644293,-0.07214801029209635,0.055222125750669274
ob_depth5_z,1304,0.010779645654527966,-0.08090483939203348,-0.1236110704637049,-0.20455863273651587,,0.041446311052462395,-0.0022360090341079796,-0.04286590083479409,0.06585509972746786
oi_chg1,1670,-0.02748049740651309,0.014397771163444772,0.0630486202569466,0.06455671635173835,-0.021329170318204714,-0.05154048939852177,-0.13236302924970422,0.0744863939115006,-0.010374912572655139
oi_chg7,1670,-0.034100435139844745,-0.012778020506579411,0.03777464545331947,0.026303606475676315,-0.09402990544217901,0.007948216167394249,-0.08075386630803816,-0.005354829316203671,0.015246725996671734
oi_z30,1642,-0.011633320710667375,0.0037772016558120292,0.00806137221893841,0.013413040308151223,-0.03831502590890578,0.015061650678089032,-0.08508633180009238,0.02495243359829033,0.02620830620070907
fund,1672,-0.009906649425772194,0.009065145102284115,0.030367256154865994,0.04108100688610337,-0.10309931554981676,-0.04848187013486278,0.041963834622493874,-0.03653842233647563,-0.0682868269823985
fund_z30,1672,-0.03490340274595859,-0.03284512631084176,0.021519089451130097,-0.005209119387911633,-0.06626230830208579,-0.059203495120679336,-0.010891368887557058,-0.009002697280262968,-0.0612268769746521
prem,1672,-0.011636801610870266,0.02295570911898944,0.039396458103821384,0.06128194144064847,-0.13259559176904062,-0.040115550700855804,0.01481547204193236,-0.007807059322891347,-0.04110291102911029
prem_z30,1672,-0.03935140356502951,-0.029389418643539573,0.019724359417559706,-0.01202304701284869,-0.08706585961131931,-0.08490587867922861,-0.005758846101363866,-0.016433667388080147,-0.023558956177797075
basis,1672,-0.012371300586552251,0.010259076787397564,0.035401585154892126,0.0359119184813428,-0.11823318957529082,-0.08222163888415446,0.048153557807215655,-0.014237345856479027,-0.048233967633793985
tk_spot,1672,0.0031629791758631845,0.0757736983100947,-0.006071423208572108,0.043718812633354275,0.023388480719355616,-0.004481695141720048,-0.0297030260345565,-0.023038672533395196,0.09056689096302728
tk_perp,1672,-0.003910272179585442,0.05757041912340071,-0.017307779827123063,0.008945101156815134,0.0014698291341954629,-0.01765581865208266,-0.006235639445837879,0.03227580862882907,0.007521163446928587
tk_spot_3d,1672,0.014816572048763724,0.07490505015834374,-0.0019345118820047438,0.0447791567205469,-0.001849274979923085,-0.0032627397509091154,0.013411526136438036,-0.01054061590778411,0.1003858862118033
tk_ratio,1604,-0.018925755962993906,-0.08859926204770766,-0.06910978428508938,-0.1313999735475125,0.03157547113967668,-0.046821920296391026,-0.07247834023047867,0.05992922415558841,-0.04541458649880617
ls_top,1416,-0.02119334906447682,0.0030497536443773285,0.07794895232590829,0.093451572337358,,-0.029905586319035882,-0.040692035678729886,0.004174244798543026,-0.005816028748522779
ls_all,1672,-0.02231597327011659,0.002038206740105988,0.0778859129032523,0.09673049991659177,0.014783520072203604,-0.028415420196242113,-0.04194765675529646,0.007389758231887134,0.0015049562260328487
ls_all_z30,1672,-0.021842110577419475,-0.048106828252259336,0.041391492211717305,0.011959737983593247,-0.013309712201215192,-0.06365365643074235,-0.029640367360950062,0.002340192930806001,-0.003880568217446881
trades_z30,1672,-0.0012956529150298505,0.10258191077128573,0.13989543848867106,0.20692428361789938,-0.1105098332385766,0.0008638932673801914,0.10661140791714369,-0.004916798898384347,-0.05368702216433929
