engine,sleeve,variant,window,trades,ret,sharpe,mdd,d_sharpe
CT-engine (deployed ML signal),BTC,base,full,10,72.95265341656685,1.1473286909211504,-19.874501473025262,0.0
CT-engine (deployed ML signal),BTC,base,H1 24-03→25-09,10,42.50753236970548,1.1314828911449728,-19.874501473025262,0.0
CT-engine (deployed ML signal),BTC,base,H2 25-10→now,10,21.363867958837425,1.202846187588125,-10.256808941547446,0.0
CT-engine (deployed ML signal),BTC,blk imb5_z<-1  (asks heavy),full,9,85.92948482686518,1.2961115739111357,-19.874501473025262,0.14878288298998532
CT-engine (deployed ML signal),BTC,blk imb5_z<-1  (asks heavy),H1 24-03→25-09,9,42.50753236970548,1.1314828911449728,-19.874501473025262,0.0
CT-engine (deployed ML signal),BTC,blk imb5_z<-1  (asks heavy),H2 25-10→now,9,30.469934981759895,1.6737468571354257,-6.154586939433271,0.4709006695473008
CT-engine (deployed ML signal),BTC,blk depth5_z<-1 (thin book),full,8,55.39806388668198,1.0106136807470034,-19.874501473025262,-0.136715010174147
CT-engine (deployed ML signal),BTC,blk depth5_z<-1 (thin book),H1 24-03→25-09,8,43.02122940629851,1.1832821362473127,-19.874501473025262,0.05179924510233991
CT-engine (deployed ML signal),BTC,blk depth5_z<-1 (thin book),H2 25-10→now,8,8.653844280154388,0.6645076593764598,-10.256808941547458,-0.5383385282116651
CT-engine (deployed ML signal),BTC,blk fund_z>2   (crowded long),full,9,72.51510878563283,1.172149241061895,-19.874501473025262,0.02482055014074458
CT-engine (deployed ML signal),BTC,blk fund_z>2   (crowded long),H1 24-03→25-09,9,42.147009391744426,1.164493242920032,-19.874501473025262,0.03301035177505929
CT-engine (deployed ML signal),BTC,blk fund_z>2   (crowded long),H2 25-10→now,9,21.363867958837357,1.202846187588123,-10.256808941547469,-1.9984014443252818e-15
CT-engine (deployed ML signal),BTC,blk prem_z>2   (perp froth),full,9,63.286782160019996,1.0991029405166097,-19.874501473025262,-0.04822575040454069
CT-engine (deployed ML signal),BTC,blk prem_z>2   (perp froth),H1 24-03→25-09,9,42.147009391744426,1.164493242920032,-19.874501473025262,0.03301035177505929
CT-engine (deployed ML signal),BTC,blk prem_z>2   (perp froth),H2 25-10→now,9,14.871767516414124,1.002241742764553,-10.256808941547469,-0.20060444482357198
CT-engine (deployed ML signal),BTC,blk oi_chg7>+15% (lev build),full,10,72.95265341656685,1.1473286909211504,-19.874501473025262,0.0
CT-engine (deployed ML signal),BTC,blk oi_chg7>+15% (lev build),H1 24-03→25-09,10,42.50753236970548,1.1314828911449728,-19.874501473025262,0.0
CT-engine (deployed ML signal),BTC,blk oi_chg7>+15% (lev build),H2 25-10→now,10,21.363867958837425,1.202846187588125,-10.256808941547446,0.0
CT-engine (deployed ML signal),BTC,blk taker_spot_3d<0 (sellers),full,8,72.37747086601216,1.3644692721847569,-17.98576052175941,0.21714058126360647
CT-engine (deployed ML signal),BTC,blk taker_spot_3d<0 (sellers),H1 24-03→25-09,8,42.03360008637571,1.4758265957026655,-12.059940933132939,0.3443437045576927
CT-engine (deployed ML signal),BTC,blk taker_spot_3d<0 (sellers),H2 25-10→now,8,21.36386795883738,1.2028461875881233,-10.256808941547458,-1.5543122344752192e-15
CT-engine (deployed ML signal),BTC,exit oi_chg1<-4% & ret<0 (flush),full,10,64.46255988112787,1.2508845950162195,-15.24372364641039,0.1035559040950691
CT-engine (deployed ML signal),BTC,exit oi_chg1<-4% & ret<0 (flush),H1 24-03→25-09,10,45.023058401826475,1.4859641641446193,-13.169739495208066,0.3544812729996465
CT-engine (deployed ML signal),BTC,exit oi_chg1<-4% & ret<0 (flush),H2 25-10→now,10,13.404421126907206,0.8623899685793783,-10.256808941547446,-0.34045621900874656
CT-engine (deployed ML signal),BTC,exit imb5_z<-2 (book flips),full,10,79.22460420434906,1.2616258435250969,-19.874501473025262,0.11429715260394646
CT-engine (deployed ML signal),BTC,exit imb5_z<-2 (book flips),H1 24-03→25-09,10,57.05266121537409,1.4513075984763983,-19.874501473025262,0.31982470733142554
CT-engine (deployed ML signal),BTC,exit imb5_z<-2 (book flips),H2 25-10→now,10,14.117521357100404,0.9021561921464288,-10.256808941547469,-0.30068999544169606
CT-engine (deployed ML signal),BTC,exit depth5_z<-2 (liq. drain),full,11,80.8895741909545,1.2658928326296677,-16.641985589680264,0.11856414170851726
CT-engine (deployed ML signal),BTC,exit depth5_z<-2 (liq. drain),H1 24-03→25-09,11,58.52627737697982,1.465780553777919,-16.641985589680264,0.33429766263294614
CT-engine (deployed ML signal),BTC,exit depth5_z<-2 (liq. drain),H2 25-10→now,11,14.106996760413516,0.886683751824261,-10.256808941547469,-0.31616243576386394
CT-engine (deployed ML signal),MSTR,base,full,8,244.59897867971262,1.5394119649623021,-22.453406663880138,0.0
CT-engine (deployed ML signal),MSTR,base,H1 24-03→25-09,8,138.4214313982696,1.5781385461405337,-22.453406663880138,0.0
CT-engine (deployed ML signal),MSTR,base,H2 25-10→now,8,44.53355835452535,1.556005466134921,-11.803076548229852,0.0
CT-engine (deployed ML signal),MSTR,blk imb5_z<-1  (asks heavy),full,8,225.02653094744284,1.4867701146827588,-22.45340666388015,-0.05264185027954338
CT-engine (deployed ML signal),MSTR,blk imb5_z<-1  (asks heavy),H1 24-03→25-09,8,124.87962978825134,1.4996230816905862,-22.45340666388015,-0.0785154644499475
CT-engine (deployed ML signal),MSTR,blk imb5_z<-1  (asks heavy),H2 25-10→now,8,44.53355835452537,1.5560054661349232,-11.803076548229841,2.220446049250313e-15
CT-engine (deployed ML signal),MSTR,blk depth5_z<-1 (thin book),full,7,211.5731478721511,1.4424642323469776,-22.45340666388015,-0.09694773261532452
CT-engine (deployed ML signal),MSTR,blk depth5_z<-1 (thin book),H1 24-03→25-09,7,115.57149178317157,1.4348515521173664,-22.45340666388015,-0.14328699402316736
CT-engine (deployed ML signal),MSTR,blk depth5_z<-1 (thin book),H2 25-10→now,7,44.53355835452537,1.556005466134924,-11.803076548229852,3.1086244689504383e-15
CT-engine (deployed ML signal),MSTR,blk fund_z>2   (crowded long),full,8,244.59897867971262,1.5394119649623021,-22.453406663880138,0.0
CT-engine (deployed ML signal),MSTR,blk fund_z>2   (crowded long),H1 24-03→25-09,8,138.4214313982696,1.5781385461405337,-22.453406663880138,0.0
CT-engine (deployed ML signal),MSTR,blk fund_z>2   (crowded long),H2 25-10→now,8,44.53355835452535,1.556005466134921,-11.803076548229852,0.0
CT-engine (deployed ML signal),MSTR,blk prem_z>2   (perp froth),full,7,145.84103045227144,1.2308506925608986,-22.453406663880138,-0.3085612724014035
CT-engine (deployed ML signal),MSTR,blk prem_z>2   (perp froth),H1 24-03→25-09,7,138.4214313982696,1.5781385461405337,-22.453406663880138,0.0
CT-engine (deployed ML signal),MSTR,blk prem_z>2   (perp froth),H2 25-10→now,7,3.111968169341206,0.2819930670798625,-8.8158996496022,-1.2740123990550585
CT-engine (deployed ML signal),MSTR,blk oi_chg7>+15% (lev build),full,8,244.59897867971262,1.5394119649623021,-22.453406663880138,0.0
CT-engine (deployed ML signal),MSTR,blk oi_chg7>+15% (lev build),H1 24-03→25-09,8,138.4214313982696,1.5781385461405337,-22.453406663880138,0.0
CT-engine (deployed ML signal),MSTR,blk oi_chg7>+15% (lev build),H2 25-10→now,8,44.53355835452535,1.556005466134921,-11.803076548229852,0.0
CT-engine (deployed ML signal),MSTR,blk taker_spot_3d<0 (sellers),full,5,164.62612609609292,1.4736647814002495,-13.650087544232981,-0.06574718356205267
CT-engine (deployed ML signal),MSTR,blk taker_spot_3d<0 (sellers),H1 24-03→25-09,5,83.08974684411588,1.4335630938334467,-13.650087544232981,-0.14457545230708702
CT-engine (deployed ML signal),MSTR,blk taker_spot_3d<0 (sellers),H2 25-10→now,5,44.533558354525326,1.5560054661349216,-11.803076548229841,6.661338147750939e-16
CT-engine (deployed ML signal),MSTR,exit oi_chg1<-4% & ret<0 (flush),full,7,269.22742113380826,2.0022893207365278,-8.8158996496022,0.4628773557742256
CT-engine (deployed ML signal),MSTR,exit oi_chg1<-4% & ret<0 (flush),H1 24-03→25-09,7,168.9665365085451,2.1999654474453014,-8.110149809910194,0.6218269013047677
CT-engine (deployed ML signal),MSTR,exit oi_chg1<-4% & ret<0 (flush),H2 25-10→now,7,37.27634148349821,1.6625798587223564,-8.8158996496022,0.1065743925874354
CT-engine (deployed ML signal),MSTR,exit imb5_z<-2 (book flips),full,8,344.2458608412534,1.9792561160464,-13.650087544232992,0.4398441510840978
CT-engine (deployed ML signal),MSTR,exit imb5_z<-2 (book flips),H1 24-03→25-09,8,223.61429219371752,2.1895023061422467,-13.650087544232992,0.611363760001713
CT-engine (deployed ML signal),MSTR,exit imb5_z<-2 (book flips),H2 25-10→now,8,37.27634148349823,1.6625798587223584,-8.815899649602187,0.1065743925874374
CT-engine (deployed ML signal),MSTR,exit depth5_z<-2 (liq. drain),full,8,344.37668226903844,1.9016530724833105,-13.650087544232992,0.36224110752100835
CT-engine (deployed ML signal),MSTR,exit depth5_z<-2 (liq. drain),H1 24-03→25-09,8,207.4557129348673,2.0965147024117776,-13.650087544232992,0.5183761562712439
CT-engine (deployed ML signal),MSTR,exit depth5_z<-2 (liq. drain),H2 25-10→now,8,44.53355835452535,1.5560054661349205,-11.803076548229841,-4.440892098500626e-16
CT-engine (deployed ML signal),MSTU,base,full,8,676.9579780510516,1.4703163614072443,-42.28571496512659,0.0
CT-engine (deployed ML signal),MSTU,base,H1 24-03→25-09,8,304.12007158183354,1.493680473395741,-42.28571496512659,0.0
CT-engine (deployed ML signal),MSTU,base,H2 25-10→now,8,92.2591904455107,1.5193036688720543,-22.83653803849721,0.0
CT-engine (deployed ML signal),MSTU,blk imb5_z<-1  (asks heavy),full,8,596.4982850597398,1.4171985426533162,-42.28571496512659,-0.05311781875392807
CT-engine (deployed ML signal),MSTU,blk imb5_z<-1  (asks heavy),H1 24-03→25-09,8,262.27047635319076,1.414460908624981,-42.28571496512659,-0.07921956477075986
CT-engine (deployed ML signal),MSTU,blk imb5_z<-1  (asks heavy),H2 25-10→now,8,92.2591904455107,1.519303668872055,-22.836538038497224,6.661338147750939e-16
CT-engine (deployed ML signal),MSTU,blk depth5_z<-1 (thin book),full,7,543.7528730752119,1.3743936740885632,-42.28571496512659,-0.09592268731868114
CT-engine (deployed ML signal),MSTU,blk depth5_z<-1 (thin book),H1 24-03→25-09,7,234.8359428662328,1.351916053763052,-42.28571496512659,-0.14176441963268904
CT-engine (deployed ML signal),MSTU,blk depth5_z<-1 (thin book),H2 25-10→now,7,92.25919044551073,1.5193036688720547,-22.836538038497224,4.440892098500626e-16
CT-engine (deployed ML signal),MSTU,blk fund_z>2   (crowded long),full,8,676.9579780510516,1.4703163614072443,-42.28571496512659,0.0
CT-engine (deployed ML signal),MSTU,blk fund_z>2   (crowded long),H1 24-03→25-09,8,304.12007158183354,1.493680473395741,-42.28571496512659,0.0
CT-engine (deployed ML signal),MSTU,blk fund_z>2   (crowded long),H2 25-10→now,8,92.2591904455107,1.5193036688720543,-22.83653803849721,0.0
CT-engine (deployed ML signal),MSTU,blk prem_z>2   (perp froth),full,7,317.34281974540244,1.1611186298148322,-42.28571496512659,-0.30919773159241215
CT-engine (deployed ML signal),MSTU,blk prem_z>2   (perp froth),H1 24-03→25-09,7,304.12007158183354,1.493680473395741,-42.28571496512659,0.0
CT-engine (deployed ML signal),MSTU,blk prem_z>2   (perp froth),H2 25-10→now,7,3.2719850097550296,0.24429588902111815,-17.483661108038294,-1.275007779850936
CT-engine (deployed ML signal),MSTU,blk oi_chg7>+15% (lev build),full,8,676.9579780510516,1.4703163614072443,-42.28571496512659,0.0
CT-engine (deployed ML signal),MSTU,blk oi_chg7>+15% (lev build),H1 24-03→25-09,8,304.12007158183354,1.493680473395741,-42.28571496512659,0.0
CT-engine (deployed ML signal),MSTU,blk oi_chg7>+15% (lev build),H2 25-10→now,8,92.2591904455107,1.5193036688720543,-22.83653803849721,0.0
CT-engine (deployed ML signal),MSTU,blk taker_spot_3d<0 (sellers),full,5,452.3269460607758,1.432835916380816,-26.248547260027333,-0.03748044502642833
CT-engine (deployed ML signal),MSTU,blk taker_spot_3d<0 (sellers),H1 24-03→25-09,5,187.2824673717296,1.3905105011021524,-26.248547260027333,-0.1031699722935886
CT-engine (deployed ML signal),MSTU,blk taker_spot_3d<0 (sellers),H2 25-10→now,5,92.2591904455107,1.5193036688720543,-22.836538038497224,0.0
CT-engine (deployed ML signal),MSTU,exit oi_chg1<-4% & ret<0 (flush),full,7,985.8148104333745,1.9627649252292703,-17.483661108038305,0.49244856382202595
CT-engine (deployed ML signal),MSTU,exit oi_chg1<-4% & ret<0 (flush),H1 24-03→25-09,7,507.69723504576393,2.1558732371232834,-16.32883992076366,0.6621927637275424
CT-engine (deployed ML signal),MSTU,exit oi_chg1<-4% & ret<0 (flush),H2 25-10→now,7,78.67693776023268,1.6310997006652113,-17.48366110803832,0.111796031793157
CT-engine (deployed ML signal),MSTU,exit imb5_z<-2 (book flips),full,8,1312.6298537139598,1.9227584393908979,-27.245510382058846,0.45244207798365355
CT-engine (deployed ML signal),MSTU,exit imb5_z<-2 (book flips),H1 24-03→25-09,8,690.6055876162227,2.120835813625383,-27.245510382058846,0.6271553402296421
CT-engine (deployed ML signal),MSTU,exit imb5_z<-2 (book flips),H2 25-10→now,8,78.67693776023266,1.6310997006652121,-17.48366110803832,0.11179603179315789
CT-engine (deployed ML signal),MSTU,exit depth5_z<-2 (liq. drain),full,8,1246.2143342529157,1.8320523153447597,-27.844312740425714,0.36173595393751534
CT-engine (deployed ML signal),MSTU,exit depth5_z<-2 (liq. drain),H1 24-03→25-09,8,600.2080530628544,2.010637226345651,-27.844312740425714,0.5169567529499102
CT-engine (deployed ML signal),MSTU,exit depth5_z<-2 (liq. drain),H2 25-10→now,8,92.25919044551067,1.5193036688720545,-22.836538038497224,2.220446049250313e-16
BTC>SMA40 simple rule,BTC,base,full,59,57.921604800127355,0.7412353005411705,-27.426975225391903,0.0
BTC>SMA40 simple rule,BTC,base,H1 24-03→25-09,59,48.66276386650596,0.9474354903770521,-22.002115282218593,0.0
BTC>SMA40 simple rule,BTC,base,H2 25-10→now,59,4.046176479415342,0.27817624116241024,-27.426975225391914,0.0
BTC>SMA40 simple rule,BTC,blk imb5_z<-1  (asks heavy),full,49,46.019121746794525,0.6471123084571004,-31.033828608019554,-0.09412299208407005
BTC>SMA40 simple rule,BTC,blk imb5_z<-1  (asks heavy),H1 24-03→25-09,49,42.02645046925533,0.8713674844466691,-23.265530868465966,-0.07606800593038299
BTC>SMA40 simple rule,BTC,blk imb5_z<-1  (asks heavy),H2 25-10→now,49,2.8112166884037615,0.23249989557704068,-25.155414913233855,-0.045676345585369565
BTC>SMA40 simple rule,BTC,blk depth5_z<-1 (thin book),full,55,46.44996433570305,0.6458852646803069,-33.845011131042156,-0.09535003586086355
BTC>SMA40 simple rule,BTC,blk depth5_z<-1 (thin book),H1 24-03→25-09,55,47.39259025840254,0.9350681980558258,-20.59897385042735,-0.012367292321226353
BTC>SMA40 simple rule,BTC,blk depth5_z<-1 (thin book),H2 25-10→now,55,-0.6395341319715753,0.10201261226244798,-27.49967526733975,-0.17616362889996226
BTC>SMA40 simple rule,BTC,blk fund_z>2   (crowded long),full,59,57.921604800127355,0.7412353005411705,-27.426975225391903,0.0
BTC>SMA40 simple rule,BTC,blk fund_z>2   (crowded long),H1 24-03→25-09,59,48.66276386650596,0.9474354903770521,-22.002115282218593,0.0
BTC>SMA40 simple rule,BTC,blk fund_z>2   (crowded long),H2 25-10→now,59,4.046176479415342,0.27817624116241024,-27.426975225391914,0.0
BTC>SMA40 simple rule,BTC,blk prem_z>2   (perp froth),full,59,59.02964121082375,0.7504109615646699,-26.91777603135884,0.009175661023499426
BTC>SMA40 simple rule,BTC,blk prem_z>2   (perp froth),H1 24-03→25-09,59,48.66276386650596,0.9474354903770521,-22.002115282218593,0.0
BTC>SMA40 simple rule,BTC,blk prem_z>2   (perp froth),H2 25-10→now,59,4.776202950960173,0.30484966957734294,-26.917776031358855,0.0266734284149327
BTC>SMA40 simple rule,BTC,blk oi_chg7>+15% (lev build),full,59,57.921604800127355,0.7412353005411705,-27.426975225391903,0.0
BTC>SMA40 simple rule,BTC,blk oi_chg7>+15% (lev build),H1 24-03→25-09,59,48.66276386650596,0.9474354903770521,-22.002115282218593,0.0
BTC>SMA40 simple rule,BTC,blk oi_chg7>+15% (lev build),H2 25-10→now,59,4.046176479415342,0.27817624116241024,-27.426975225391914,0.0
BTC>SMA40 simple rule,BTC,blk taker_spot_3d<0 (sellers),full,41,42.35803843762829,0.6226883406475733,-32.142546931986615,-0.1185469598935972
BTC>SMA40 simple rule,BTC,blk taker_spot_3d<0 (sellers),H1 24-03→25-09,41,33.59801940069724,0.7587043569483725,-25.951785994472388,-0.18873113342867964
BTC>SMA40 simple rule,BTC,blk taker_spot_3d<0 (sellers),H2 25-10→now,41,6.556997683219645,0.3732751090806267,-23.55394672934119,0.09509886791821648
BTC>SMA40 simple rule,BTC,exit oi_chg1<-4% & ret<0 (flush),full,101,49.23704610644533,0.6705661341321146,-30.54619701346486,-0.07066916640905585
BTC>SMA40 simple rule,BTC,exit oi_chg1<-4% & ret<0 (flush),H1 24-03→25-09,101,44.682760945831504,0.8985162105302213,-22.74988969569325,-0.048919279846830754
BTC>SMA40 simple rule,BTC,exit oi_chg1<-4% & ret<0 (flush),H2 25-10→now,101,1.029135312633045,0.16564796891139208,-28.873313355757922,-0.11252827225101816
BTC>SMA40 simple rule,BTC,exit imb5_z<-2 (book flips),full,63,63.63650305841513,0.7892914257815041,-26.914524658681994,0.04805612524033365
BTC>SMA40 simple rule,BTC,exit imb5_z<-2 (book flips),H1 24-03→25-09,63,48.12328214099308,0.9421684495982706,-20.231265229336525,-0.005267040778781484
BTC>SMA40 simple rule,BTC,exit imb5_z<-2 (book flips),H2 25-10→now,63,8.204081455839685,0.42839192016648125,-25.777727079117476,0.150215679004071
BTC>SMA40 simple rule,BTC,exit depth5_z<-2 (liq. drain),full,67,42.470948885496654,0.6158582281902265,-29.26694324814081,-0.12537707235094397
BTC>SMA40 simple rule,BTC,exit depth5_z<-2 (liq. drain),H1 24-03→25-09,67,57.2677727811272,1.0676342134298287,-19.912326725081677,0.12019872305277657
BTC>SMA40 simple rule,BTC,exit depth5_z<-2 (liq. drain),H2 25-10→now,67,-11.182418664350068,-0.3614669544489228,-27.426975225391914,-0.6396431956113331
BTC>SMA40 simple rule,MSTR,base,full,59,177.1457549175518,0.9307778164649461,-51.526031475429626,0.0
BTC>SMA40 simple rule,MSTR,base,H1 24-03→25-09,59,60.2705673220492,0.7701889323532386,-51.526031475429626,0.0
BTC>SMA40 simple rule,MSTR,base,H2 25-10→now,59,66.09174271846992,1.2002472277822482,-28.841844626079084,0.0
BTC>SMA40 simple rule,MSTR,blk imb5_z<-1  (asks heavy),full,49,130.80833220136276,0.8247710305614154,-55.9476500681763,-0.10600678590353063
BTC>SMA40 simple rule,MSTR,blk imb5_z<-1  (asks heavy),H1 24-03→25-09,49,32.233287969430194,0.5897181091060971,-55.9476500681763,-0.18047082324714148
BTC>SMA40 simple rule,MSTR,blk imb5_z<-1  (asks heavy),H2 25-10→now,49,74.54631564082506,1.29949750836997,-25.95047809739165,0.09925028058772178
BTC>SMA40 simple rule,MSTR,blk depth5_z<-1 (thin book),full,55,130.66247235812423,0.8192960783727571,-54.845922613060004,-0.11148173809218898
BTC>SMA40 simple rule,MSTR,blk depth5_z<-1 (thin book),H1 24-03→25-09,55,41.933069503959565,0.6578796282640574,-51.526031475429626,-0.11230930408918116
BTC>SMA40 simple rule,MSTR,blk depth5_z<-1 (thin book),H2 25-10→now,55,62.51496086448645,1.1600007173087807,-28.919782742875245,-0.0402465104734675
BTC>SMA40 simple rule,MSTR,blk fund_z>2   (crowded long),full,59,177.1457549175518,0.9307778164649461,-51.526031475429626,0.0
BTC>SMA40 simple rule,MSTR,blk fund_z>2   (crowded long),H1 24-03→25-09,59,60.2705673220492,0.7701889323532386,-51.526031475429626,0.0
BTC>SMA40 simple rule,MSTR,blk fund_z>2   (crowded long),H2 25-10→now,59,66.09174271846992,1.2002472277822482,-28.841844626079084,0.0
BTC>SMA40 simple rule,MSTR,blk prem_z>2   (perp froth),full,59,175.9396669326194,0.9281023902571549,-51.526031475429626,-0.002675426207791154
BTC>SMA40 simple rule,MSTR,blk prem_z>2   (perp froth),H1 24-03→25-09,59,60.2705673220492,0.7701889323532386,-51.526031475429626,0.0
BTC>SMA40 simple rule,MSTR,blk prem_z>2   (perp froth),H2 25-10→now,59,65.36894162289177,1.1921076596575904,-29.034490294809324,-0.008139568124657881
BTC>SMA40 simple rule,MSTR,blk oi_chg7>+15% (lev build),full,59,177.1457549175518,0.9307778164649461,-51.526031475429626,0.0
BTC>SMA40 simple rule,MSTR,blk oi_chg7>+15% (lev build),H1 24-03→25-09,59,60.2705673220492,0.7701889323532386,-51.526031475429626,0.0
BTC>SMA40 simple rule,MSTR,blk oi_chg7>+15% (lev build),H2 25-10→now,59,66.09174271846992,1.2002472277822482,-28.841844626079084,0.0
BTC>SMA40 simple rule,MSTR,blk taker_spot_3d<0 (sellers),full,41,76.4390571974553,0.6572936533269946,-62.571227597921045,-0.27348416313795143
BTC>SMA40 simple rule,MSTR,blk taker_spot_3d<0 (sellers),H1 24-03→25-09,41,3.7895678069833405,0.3497442568715776,-62.571227597921045,-0.420444675481661
BTC>SMA40 simple rule,MSTR,blk taker_spot_3d<0 (sellers),H2 25-10→now,41,69.99690905889275,1.2616900385609555,-25.486693601730526,0.06144281077870728
BTC>SMA40 simple rule,MSTR,exit oi_chg1<-4% & ret<0 (flush),full,101,187.69867053065127,0.9630225061173275,-58.70033955750992,0.032244689652381475
BTC>SMA40 simple rule,MSTR,exit oi_chg1<-4% & ret<0 (flush),H1 24-03→25-09,101,72.45491963771413,0.8435276332669343,-58.70033955750992,0.07333870091369565
BTC>SMA40 simple rule,MSTR,exit oi_chg1<-4% & ret<0 (flush),H2 25-10→now,101,60.23443462544946,1.1376353008220936,-29.156829881407408,-0.0626119269601546
BTC>SMA40 simple rule,MSTR,exit imb5_z<-2 (book flips),full,63,172.98924551752276,0.922112089334444,-50.5133746246109,-0.008665727130502066
BTC>SMA40 simple rule,MSTR,exit imb5_z<-2 (book flips),H1 24-03→25-09,63,59.40774921932148,0.7654513606364189,-50.5133746246109,-0.004737571716819655
BTC>SMA40 simple rule,MSTR,exit imb5_z<-2 (book flips),H2 25-10→now,63,64.48628571616597,1.1822651841775405,-28.632237822139615,-0.017982043604707787
BTC>SMA40 simple rule,MSTR,exit depth5_z<-2 (liq. drain),full,67,150.30064744880085,0.8693689245542975,-51.526031475429626,-0.06140889191064858
BTC>SMA40 simple rule,MSTR,exit depth5_z<-2 (liq. drain),H1 24-03→25-09,67,61.23799654499569,0.7760017765674195,-51.526031475429626,0.0058128442141809344
BTC>SMA40 simple rule,MSTR,exit depth5_z<-2 (liq. drain),H2 25-10→now,67,49.2469627639039,1.0050726056310155,-28.984089778671564,-0.1951746221512327
BTC>SMA40 simple rule,MSTU,base,full,59,124.11005479078194,0.8403849617799541,-82.142157886149,0.0
BTC>SMA40 simple rule,MSTU,base,H1 24-03→25-09,59,7.149927572183579,0.6800738971993204,-80.10899731951456,0.0
BTC>SMA40 simple rule,MSTU,base,H2 25-10→now,59,93.62046556337799,1.1298078943970535,-53.26790537799839,0.0
BTC>SMA40 simple rule,MSTU,blk imb5_z<-1  (asks heavy),full,49,66.25544047874827,0.7327922267838924,-83.44439780142478,-0.1075927349960617
BTC>SMA40 simple rule,MSTU,blk imb5_z<-1  (asks heavy),H1 24-03→25-09,49,-22.732351353971158,0.497538779096275,-83.44439780142478,-0.18253511810304546
BTC>SMA40 simple rule,MSTU,blk imb5_z<-1  (asks heavy),H2 25-10→now,49,115.16824103239091,1.2365643198749545,-49.359787543697756,0.10675642547790098
BTC>SMA40 simple rule,MSTU,blk depth5_z<-1 (thin book),full,55,57.6327230805014,0.7277618029179533,-87.43929502236783,-0.1126231588620008
BTC>SMA40 simple rule,MSTU,blk depth5_z<-1 (thin book),H1 24-03→25-09,55,-15.388396218495648,0.5658557540942826,-80.10899731951456,-0.11421814310503786
BTC>SMA40 simple rule,MSTU,blk depth5_z<-1 (thin book),H2 25-10→now,55,86.3015426200432,1.0916945505498532,-53.323749988630745,-0.03811334384720033
BTC>SMA40 simple rule,MSTU,blk fund_z>2   (crowded long),full,59,124.11005479078194,0.8403849617799541,-82.142157886149,0.0
BTC>SMA40 simple rule,MSTU,blk fund_z>2   (crowded long),H1 24-03→25-09,59,7.149927572183579,0.6800738971993204,-80.10899731951456,0.0
BTC>SMA40 simple rule,MSTU,blk fund_z>2   (crowded long),H2 25-10→now,59,93.62046556337799,1.1298078943970535,-53.26790537799839,0.0
BTC>SMA40 simple rule,MSTU,blk prem_z>2   (perp froth),full,59,121.59336906813105,0.8368338140374515,-82.30015450818917,-0.003551147742502647
BTC>SMA40 simple rule,MSTU,blk prem_z>2   (perp froth),H1 24-03→25-09,59,7.149927572183579,0.6800738971993204,-80.10899731951456,0.0
BTC>SMA40 simple rule,MSTU,blk prem_z>2   (perp froth),H2 25-10→now,59,91.4461683782237,1.1186091710389174,-53.6813659206589,-0.011198723358136098
BTC>SMA40 simple rule,MSTU,blk oi_chg7>+15% (lev build),full,59,124.11005479078194,0.8403849617799541,-82.142157886149,0.0
BTC>SMA40 simple rule,MSTU,blk oi_chg7>+15% (lev build),H1 24-03→25-09,59,7.149927572183579,0.6800738971993204,-80.10899731951456,0.0
BTC>SMA40 simple rule,MSTU,blk oi_chg7>+15% (lev build),H2 25-10→now,59,93.62046556337799,1.1298078943970535,-53.26790537799839,0.0
BTC>SMA40 simple rule,MSTU,blk taker_spot_3d<0 (sellers),full,41,1.9357723148887285,0.5604376863094821,-87.95760646971699,-0.27994727547047205
BTC>SMA40 simple rule,MSTU,blk taker_spot_3d<0 (sellers),H1 24-03→25-09,41,-51.09800900915216,0.24798390316816282,-87.95760646971699,-0.4320899940311576
BTC>SMA40 simple rule,MSTU,blk taker_spot_3d<0 (sellers),H2 25-10→now,41,108.44912497318626,1.209002340663128,-48.19857827566035,0.07919444626607453
BTC>SMA40 simple rule,MSTU,exit oi_chg1<-4% & ret<0 (flush),full,101,173.436440562792,0.8922623866818494,-85.11330711182798,0.051877424901895286
BTC>SMA40 simple rule,MSTU,exit oi_chg1<-4% & ret<0 (flush),H1 24-03→25-09,101,34.88441456143849,0.764905115615584,-85.11330711182798,0.08483121841626362
BTC>SMA40 simple rule,MSTU,exit oi_chg1<-4% & ret<0 (flush),H2 25-10→now,101,87.66203470629179,1.099752679740765,-53.229457061543506,-0.030055214656288465
BTC>SMA40 simple rule,MSTU,exit imb5_z<-2 (book flips),full,63,123.29212421474259,0.838571477309237,-82.72085487403116,-0.0018134844707171638
BTC>SMA40 simple rule,MSTU,exit imb5_z<-2 (book flips),H1 24-03→25-09,63,8.22291120090366,0.6831433679930379,-79.15681697378348,0.0030694707937174437
BTC>SMA40 simple rule,MSTU,exit imb5_z<-2 (book flips),H2 25-10→now,63,91.00115481563218,1.1163182754060663,-53.08750226744006,-0.013489618990987218
BTC>SMA40 simple rule,MSTU,exit depth5_z<-2 (liq. drain),full,67,80.08782781318615,0.7699349200316059,-82.52629235114416,-0.07045004174834824
BTC>SMA40 simple rule,MSTU,exit depth5_z<-2 (liq. drain),H1 24-03→25-09,67,9.152763142351139,0.6871484715022299,-80.10899731951456,0.007074574302909475
BTC>SMA40 simple rule,MSTU,exit depth5_z<-2 (liq. drain),H2 25-10→now,67,52.874006973131806,0.8952842588231711,-53.36132283514775,-0.23452363557388245
