Date,open,high,low,close,volume
2023-11-01,42.96200180053711,43.0,41.236000061035156,42.66699981689453,7522000.0
2023-11-02,44.04800033569336,45.404998779296875,42.400001525878906,45.362998962402344,11843000.0
2023-11-03,44.49800109863281,46.41899871826172,44.13999938964844,45.39500045776367,9453000.0
2023-11-06,46.10200119018555,47.29899978637695,45.10100173950195,45.9630012512207,7827000.0
2023-11-07,45.400001525878906,47.48699951171875,44.900001525878906,47.35499954223633,7248000.0
2023-11-08,46.90800094604492,47.86000061035156,45.8489990234375,47.45000076293945,7894000.0
2023-11-09,49.82899856567383,53.520999908447266,48.5890007019043,49.40700149536133,21139000.0
2023-11-10,50.400001525878906,51.332000732421875,49.45399856567383,50.917999267578125,9458000.0
2023-11-13,50.20000076293945,50.689998626708984,48.676998138427734,50.487998962402344,9251000.0
2023-11-14,50.66999816894531,50.69900131225586,46.0,48.0,16619000.0
2023-11-15,48.63399887084961,50.928001403808594,48.06700134277344,50.595001220703125,14502000.0
2023-11-16,49.400001525878906,50.277000427246094,48.297000885009766,48.90800094604492,11464000.0
2023-11-17,49.26499938964844,49.590999603271484,48.3390007019043,48.62200164794922,7497000.0
2023-11-20,49.20100021362305,51.25199890136719,49.20100021362305,50.85300064086914,10592000.0
2023-11-21,49.79899978637695,50.31399917602539,48.452999114990234,49.30400085449219,7956000.0
2023-11-22,49.400001525878906,50.944000244140625,48.108001708984375,50.78799819946289,7331000.0
2023-11-24,51.0,52.67900085449219,50.553001403808594,52.02399826049805,9074000.0
2023-11-27,50.57500076293945,51.47999954223633,49.529998779296875,49.53799819946289,10555000.0
2023-11-28,50.512001037597656,51.527000427246094,49.82500076293945,50.58700180053711,8877000.0
2023-11-29,50.79800033569336,51.349998474121094,49.70000076293945,50.709999084472656,6569000.0
2023-11-30,49.79999923706055,50.499000549316406,48.73099899291992,49.83000183105469,7405000.0
2023-12-01,50.35300064086914,52.97999954223633,50.33700180053711,52.768001556396484,14041000.0
2023-12-04,56.70000076293945,57.777000427246094,55.0,56.321998596191406,17530000.0
2023-12-05,56.599998474121094,58.9900016784668,56.3380012512207,57.75,14468000.0
2023-12-06,58.512001037597656,58.654998779296875,56.61399841308594,56.888999938964844,9566000.0
2023-12-07,55.720001220703125,57.805999755859375,55.209999084472656,57.10900115966797,5736000.0
2023-12-08,57.347999572753906,59.93899917602539,57.28099822998047,59.93899917602539,9531000.0
2023-12-11,57.4109992980957,57.78799819946289,54.61800003051758,55.58000183105469,13411000.0
2023-12-12,56.0,56.696998596191406,54.9010009765625,55.832000732421875,7119000.0
2023-12-13,55.75899887084961,58.599998474121094,55.229000091552734,58.599998474121094,9700000.0
2023-12-14,58.79999923706055,59.0,57.564998626708984,58.23699951171875,9167000.0
2023-12-15,57.5,57.52299880981445,56.46500015258789,57.04100036621094,9880000.0
2023-12-18,56.11000061035156,57.900001525878906,55.900001525878906,57.189998626708984,8503000.0
2023-12-19,58.349998474121094,59.04100036621094,56.45100021362305,57.130001068115234,8738000.0
2023-12-20,58.97700119018555,59.957000732421875,57.209999084472656,57.34700012207031,13785000.0
2023-12-21,58.810001373291016,59.13199996948242,57.439998626708984,58.19499969482422,7159000.0
2023-12-22,58.19599914550781,62.257999420166016,57.869998931884766,61.92399978637695,12620000.0
2023-12-26,60.94900131225586,61.55500030517578,59.64899826049805,60.388999938964844,12047000.0
2023-12-27,61.380001068115234,67.38200378417969,61.20100021362305,67.07099914550781,21273000.0
2023-12-28,65.46900177001953,68.93499755859375,65.35199737548828,66.78800201416016,15808000.0
2023-12-29,67.48300170898438,68.0,61.71699905395508,63.1619987487793,15818000.0
2024-01-02,69.2490005493164,72.7770004272461,68.0,68.51499938964844,22074000.0
2024-01-03,64.3219985961914,65.8550033569336,62.529998779296875,63.10599899291992,18806000.0
2024-01-04,63.86000061035156,66.80000305175781,62.845001220703125,65.58100128173828,11193000.0
2024-01-05,64.87100219726562,65.40299987792969,63.00299835205078,63.108001708984375,9323000.0
2024-01-08,64.0,64.68800354003906,58.652000427246094,59.80099868774414,25143000.0
2024-01-09,60.0,60.27799987792969,57.125,57.729000091552734,14346000.0
2024-01-10,56.667999267578125,58.70000076293945,55.38399887084961,56.56700134277344,16409000.0
2024-01-11,59.89899826049805,61.099998474121094,53.029998779296875,53.61800003051758,25704000.0
2024-01-12,52.50199890136719,52.5890007019043,48.099998474121094,48.553001403808594,27403000.0
2024-01-16,47.900001525878906,48.948001861572266,46.70000076293945,48.2140007019043,16453000.0
2024-01-17,47.42300033569336,49.90999984741211,47.42300033569336,49.900001525878906,9766000.0
2024-01-18,50.0,52.20000076293945,47.78499984741211,48.65999984741211,16605000.0
2024-01-19,48.45000076293945,48.720001220703125,46.5,48.099998474121094,11772000.0
2024-01-22,46.79999923706055,48.395999908447266,45.53900146484375,47.01900100708008,11431000.0
2024-01-23,45.0,45.981998443603516,43.874000549316406,45.01900100708008,11716000.0
2024-01-24,46.0,46.20000076293945,44.505001068115234,45.0989990234375,8233000.0
2024-01-25,45.231998443603516,46.400001525878906,44.5890007019043,45.77799987792969,6608000.0
2024-01-26,47.0,50.095001220703125,46.474998474121094,49.45000076293945,14660000.0
2024-01-29,50.0,52.49700164794922,49.020999908447266,51.38100051879883,13649000.0
2024-01-30,51.698001861572266,52.58000183105469,50.763999938964844,51.95100021362305,7388000.0
2024-01-31,50.79999923706055,52.78900146484375,49.94300079345703,50.12099838256836,9380000.0
2024-02-01,50.18000030517578,51.50600051879883,49.59600067138672,50.347999572753906,6281000.0
2024-02-02,49.724998474121094,50.900001525878906,49.099998474121094,50.0099983215332,6098000.0
2024-02-05,50.20000076293945,50.347999572753906,48.20000076293945,49.060001373291016,8599000.0
2024-02-06,49.33000183105469,50.91899871826172,49.3120002746582,49.79999923706055,6899000.0
2024-02-07,49.946998596191406,50.862998962402344,46.749000549316406,50.80099868774414,10997000.0
2024-02-08,53.0,58.84600067138672,52.505001068115234,58.78099822998047,22631000.0
2024-02-09,62.7400016784668,64.88999938964844,61.4119987487793,64.63200378417969,24685000.0
2024-02-12,65.1989974975586,72.5270004272461,65.01699829101562,71.75199890136719,23100000.0
2024-02-13,67.5,70.12200164794922,65.55500030517578,68.60199737548828,13915000.0
2024-02-14,74.5999984741211,77.48400115966797,73.41699981689453,76.98799896240234,20705000.0
2024-02-15,79.24400329589844,80.6780014038086,70.7509994506836,71.80000305175781,23828000.0
2024-02-16,73.5,74.0,68.93800354003906,69.95600128173828,13407000.0
2024-02-20,71.0790023803711,72.197998046875,67.0270004272461,70.49800109863281,9680000.0
2024-02-21,68.43000030517578,68.53800201416016,66.4260025024414,67.27999877929688,6942000.0
2024-02-22,68.37000274658203,72.32499694824219,67.9990005493164,71.31500244140625,10425000.0
2024-02-23,69.9010009765625,70.42900085449219,67.80599975585938,68.74400329589844,7393000.0
2024-02-26,68.79399871826172,80.99500274658203,68.79399871826172,79.64800262451172,22695000.0
2024-02-27,86.61000061035156,89.0,84.1760025024414,87.18000030517578,22748000.0
2024-02-28,95.19999694824219,100.88800048828125,91.55000305175781,96.29499816894531,48388000.0
2024-02-29,99.9000015258789,104.0,96.04399871826172,102.28399658203125,35206000.0
2024-03-01,99.5999984741211,108.0,99.19999694824219,107.93900299072266,26964000.0
2024-03-04,120.0,135.99099731445312,119.0009994506836,133.4010009765625,54250000.0
2024-03-05,124.41899871826172,133.7790069580078,103.50599670410156,105.10099792480469,57366000.0
2024-03-06,114.0,128.55499267578125,113.11000061035156,124.62100219726562,36940000.0
2024-03-07,128.4980010986328,132.10400390625,122.5,130.0019989013672,21677000.0
2024-03-08,132.8040008544922,145.17300415039062,128.36599731445312,142.5590057373047,37418000.0
2024-03-11,155.0,165.70599365234375,147.73500061035156,148.42300415039062,41024000.0
2024-03-12,154.39999389648438,159.4969940185547,143.8000030517578,159.3350067138672,35489000.0
2024-03-13,166.0,177.39999389648438,162.0,176.61500549316406,37759000.0
2024-03-14,170.80099487304688,174.60000610351562,155.07699584960938,167.68499755859375,49868000.0
2024-03-15,160.00100708007812,181.5,157.0,178.23599243164062,44750000.0
2024-03-18,171.84500122070312,173.49000549316406,144.50100708007812,150.2760009765625,45111000.0
2024-03-19,132.60699462890625,145.0,123.01200103759766,141.75,44644000.0
2024-03-20,142.30099487304688,155.0,136.30099487304688,154.65199279785156,33314000.0
2024-03-21,159.41200256347656,170.43600463867188,158.1020050048828,159.9290008544922,31590000.0
2024-03-22,152.0,159.44900512695312,149.0,152.3000030517578,20836000.0
2024-03-25,160.5,187.36500549316406,159.44200134277344,185.60000610351562,38840000.0
2024-03-26,188.2429962158203,190.9499969482422,179.1999969482422,187.69900512695312,23939000.0
2024-03-27,195.3000030517578,199.99899291992188,184.1999969482422,191.91600036621094,26226000.0
2024-03-28,194.3000030517578,198.89999389648438,164.552001953125,170.45599365234375,45559000.0
2024-04-01,164.50100708007812,169.0189971923828,158.656005859375,163.6739959716797,19930000.0
2024-04-02,149.1999969482422,159.22900390625,146.29400634765625,157.88299560546875,18546000.0
2024-04-03,158.00100708007812,169.94900512695312,156.83200073242188,160.61099243164062,19772000.0
2024-04-04,169.29800415039062,173.9720001220703,161.00999450683594,161.54200744628906,20171000.0
2024-04-05,157.0,167.4250030517578,143.1999969482422,143.89999389648438,22740000.0
2024-04-08,160.2100067138672,162.3780059814453,149.1199951171875,151.2989959716797,20574000.0
2024-04-09,147.80999755859375,148.01699829101562,137.5,144.1020050048828,16659000.0
2024-04-10,138.75,156.60000610351562,137.3769989013672,156.60000610351562,19392000.0
2024-04-11,154.3000030517578,157.83700561523438,151.00900268554688,155.18099975585938,14386000.0
2024-04-12,153.5,153.78199768066406,143.3000030517578,147.95799255371094,12906000.0
2024-04-15,147.0,148.9969940185547,132.10499572753906,133.58799743652344,16125000.0
2024-04-16,130.6020050048828,132.85000610351562,121.51499938964844,125.40299987792969,17292000.0
2024-04-17,125.80000305175781,126.4219970703125,113.1989974975586,118.80500030517578,20374000.0
2024-04-18,119.19999694824219,128.78799438476562,116.84300231933594,120.81600189208984,17697000.0
2024-04-19,123.69999694824219,125.86499786376953,116.6240005493164,117.41100311279297,14747000.0
2024-04-22,120.9000015258789,134.7899932861328,120.80000305175781,132.4010009765625,19411000.0
2024-04-23,131.10000610351562,139.44500732421875,129.88900756835938,133.86399841308594,10478000.0
2024-04-24,132.7010040283203,134.5,126.0,126.56700134277344,9512000.0
2024-04-25,122.5999984741211,126.77200317382812,120.11399841308594,124.04100036621094,7734000.0
2024-04-26,122.5,128.5970001220703,120.4010009765625,128.23800659179688,8815000.0
2024-04-29,125.0,130.8419952392578,122.84200286865234,129.2969970703125,10131000.0
2024-04-30,119.9010009765625,121.54199981689453,106.31700134277344,106.50299835205078,24936000.0
2024-05-01,101.5530014038086,110.93299865722656,101.0,102.8270034790039,19249000.0
2024-05-02,105.5,114.2300033569336,104.1760025024414,112.94200134277344,15402000.0
2024-05-03,120.10099792480469,124.19999694824219,117.28199768066406,122.3010025024414,15610000.0
2024-05-06,127.38500213623047,133.89999389648438,126.01000213623047,126.88099670410156,13870000.0
2024-05-07,127.81999969482422,131.89999389648438,125.12999725341797,125.74500274658203,9968000.0
2024-05-08,119.83899688720703,125.98999786376953,119.0,123.31199645996094,8590000.0
2024-05-09,123.0,130.3000030517578,120.0989990234375,126.36399841308594,10534000.0
2024-05-10,128.99899291992188,130.19900512695312,117.85299682617188,118.0479965209961,14038000.0
2024-05-13,121.79399871826172,126.41500091552734,120.30000305175781,124.59600067138672,8757000.0
2024-05-14,122.64800262451172,129.86900329589844,122.64800262451172,129.76300048828125,9268000.0
2024-05-15,137.9600067138672,152.03399658203125,135.10899353027344,150.3470001220703,20586000.0
2024-05-16,149.41000366210938,151.88999938964844,143.5449981689453,143.9980010986328,13656000.0
2024-05-17,150.09800720214844,158.5,146.89999389648438,158.4499969482422,16529000.0
2024-05-20,159.6999969482422,172.89599609375,155.14199829101562,172.7239990234375,16717000.0
2024-05-21,173.0,174.0,164.5,165.54200744628906,12978000.0
2024-05-22,166.3000030517578,171.8000030517578,162.01499938964844,164.6999969482422,10339000.0
2024-05-23,166.92100524902344,167.0,153.0330047607422,154.40699768066406,11588000.0
2024-05-24,154.0,168.5,152.8000030517578,168.48399353027344,12069000.0
2024-05-28,165.0,169.15499877929688,161.0019989013672,167.53500366210938,10799000.0
2024-05-29,165.0,165.90699768066406,161.1179962158203,161.8699951171875,7344000.0
2024-05-30,165.3000030517578,171.49899291992188,153.1959991455078,154.10000610351562,14708000.0
2024-05-31,159.6999969482422,161.48199462890625,144.1999969482422,152.44900512695312,22154000.0
2024-06-03,160.10000610351562,165.60000610351562,156.04200744628906,162.74099731445312,11222000.0
2024-06-04,161.74200439453125,169.6999969482422,161.5,163.8769989013672,13230000.0
2024-06-05,167.5,171.78399658203125,163.62399291992188,169.468994140625,10956000.0
2024-06-06,169.85899353027344,173.47000122070312,164.7050018310547,165.66299438476562,11623000.0
2024-06-07,167.1020050048828,171.77000427246094,158.5,159.6199951171875,12627000.0
2024-06-10,157.50100708007812,164.7760009765625,156.0290069580078,159.99200439453125,7239000.0
2024-06-11,154.1999969482422,156.4149932861328,148.66000366210938,155.5489959716797,11412000.0
2024-06-12,162.0,169.27099609375,159.177001953125,160.36700439453125,13681000.0
2024-06-13,156.3300018310547,157.37600708007812,144.1009979248047,148.38800048828125,21108000.0
2024-06-14,150.5,153.8000030517578,146.1510009765625,149.5540008544922,13790000.0
2024-06-17,149.97999572753906,156.9010009765625,142.11700439453125,150.7259979248047,12076000.0
2024-06-18,145.79299926757812,151.09500122070312,144.60000610351562,146.9429931640625,8934000.0
2024-06-20,148.21099853515625,150.5590057373047,142.20599365234375,146.5399932861328,9098000.0
2024-06-21,142.0,149.10499572753906,140.90199279785156,148.37600708007812,11353000.0
2024-06-24,139.8000030517578,144.88999938964844,132.5540008544922,137.21499633789062,16081000.0
2024-06-25,141.3769989013672,149.89999389648438,139.33900451660156,149.57400512695312,13537000.0
2024-06-26,147.22900390625,150.5019989013672,144.5,145.7729949951172,7502000.0
2024-06-27,148.5,153.89999389648438,146.35000610351562,152.5399932861328,9308000.0
2024-06-28,151.64199829101562,151.89999389648438,136.70199584960938,137.7480010986328,34113000.0
2024-07-01,141.0,143.59500122070312,136.30799865722656,136.5970001220703,14129000.0
2024-07-02,136.55099487304688,138.4409942626953,130.65699768066406,132.0189971923828,9229000.0
2024-07-03,129.8000030517578,132.8000030517578,127.34700012207031,130.20899963378906,6659000.0
2024-07-05,121.55000305175781,129.91700744628906,120.23200225830078,128.1719970703125,15029000.0
2024-07-08,131.4530029296875,132.5,125.87799835205078,129.05799865722656,8736000.0
2024-07-09,131.38800048828125,132.0,127.80899810791016,130.177001953125,8903000.0
2024-07-10,131.97000122070312,134.5,129.60000610351562,130.57200622558594,6387000.0
2024-07-11,139.60000610351562,143.1999969482422,132.9239959716797,135.8560028076172,13513000.0
2024-07-12,133.9199981689453,143.5399932861328,132.41900634765625,139.67599487304688,10641000.0
2024-07-15,152.39999389648438,163.89999389648438,149.2429962158203,161.1280059814453,24671000.0
2024-07-16,161.5,167.5780029296875,157.63999938964844,166.42999267578125,15810000.0
2024-07-17,161.10000610351562,167.4080047607422,153.0,159.0,17212000.0
2024-07-18,163.38999938964844,163.6999969482422,151.625,155.51600646972656,10236000.0
2024-07-19,157.33999633789062,178.5,156.5,177.85000610351562,20458000.0
2024-07-22,178.40199279785156,181.0659942626953,173.61300659179688,180.00900268554688,15391000.0
2024-07-23,176.3990020751953,179.8000030517578,171.5019989013672,172.177001953125,10747000.0
2024-07-24,175.0,176.95199584960938,166.70199584960938,167.2689971923828,13774000.0
2024-07-25,161.64999389648438,167.78599548339844,150.76600646972656,160.64700317382812,14772000.0
2024-07-26,170.0,177.69700622558594,168.6009979248047,175.27099609375,14138000.0
2024-07-29,181.99899291992188,183.6999969482422,167.1269989013672,168.48500061035156,12802000.0
2024-07-30,168.7989959716797,169.5,159.24899291992188,160.40699768066406,9155000.0
2024-07-31,164.60299682617188,168.5,160.85499572753906,161.44400024414062,7534000.0
2024-08-01,161.5,163.43600463867188,148.20199584960938,151.18099975585938,11930000.0
2024-08-02,148.58099365234375,159.13999938964844,141.7100067138672,144.7989959716797,14126000.0
2024-08-05,105.16500091552734,135.427001953125,102.4020004272461,130.89999389648438,22678000.0
2024-08-06,132.60000610351562,139.49400329589844,126.21800231933594,136.92100524902344,12260000.0
2024-08-07,140.8780059814453,142.1580047607422,124.01300048828125,124.68499755859375,10934000.0
2024-08-08,130.22999572753906,136.75999450683594,128.05999755859375,135.99000549316406,10378300.0
2024-08-09,135.88999938964844,136.69000244140625,129.5500030517578,135.3699951171875,7330400.0
2024-08-12,133.49000549316406,139.2100067138672,129.22000122070312,131.4600067138672,6932300.0
2024-08-13,132.27999877929688,140.0,130.25999450683594,135.3800048828125,8123100.0
2024-08-14,136.3699951171875,137.39999389648438,129.3300018310547,130.3699951171875,8535900.0
2024-08-15,132.6999969482422,139.0,130.72999572753906,131.92999267578125,10856900.0
2024-08-16,133.25,136.32000732421875,126.58999633789062,133.0399932861328,11360400.0
2024-08-19,133.6999969482422,137.44000244140625,131.16000366210938,135.35000610351562,6595700.0
2024-08-20,139.74000549316406,141.36000061035156,130.6300048828125,133.69000244140625,11274600.0
2024-08-21,134.33999633789062,142.5800018310547,132.8699951171875,141.4199981689453,11774500.0
2024-08-22,141.38999938964844,141.77999877929688,133.69000244140625,133.80999755859375,7963400.0
2024-08-23,137.39999389648438,151.80999755859375,135.50999450683594,150.00999450683594,17791300.0
2024-08-26,148.1199951171875,152.35000610351562,146.60000610351562,146.89999389648438,10418800.0
2024-08-27,144.47999572753906,145.24000549316406,138.19000244140625,140.00999450683594,10943100.0
2024-08-28,138.16000366210938,138.39999389648438,130.72999572753906,132.08999633789062,8860100.0
2024-08-29,137.0,139.42999267578125,131.0,132.55999755859375,8431400.0
2024-08-30,134.0,135.25,128.3000030517578,132.4199981689453,7803000.0
2024-09-03,132.0,132.72999572753906,122.19000244140625,122.31999969482422,8258800.0
2024-09-04,120.25,125.9800033569336,117.94000244140625,124.8499984741211,8191100.0
2024-09-05,122.3499984741211,126.83000183105469,119.43000030517578,119.56999969482422,6066600.0
2024-09-06,122.93000030517578,124.69000244140625,113.69000244140625,114.30000305175781,8795500.0
2024-09-09,118.93000030517578,125.2300033569336,117.5,124.81999969482422,9771200.0
2024-09-10,123.0,129.82000732421875,121.55000305175781,129.63999938964844,7738000.0
2024-09-11,124.80999755859375,131.0,121.30000305175781,129.27999877929688,8731200.0
2024-09-12,129.0,134.10000610351562,127.2699966430664,130.77000427246094,6031600.0
2024-09-13,131.10000610351562,143.0,129.83999633789062,141.47000122070312,12239100.0
2024-09-16,137.02000427246094,137.8800048828125,132.6699981689453,134.52999877929688,8765900.0
2024-09-17,138.3699951171875,140.16000366210938,128.82000732421875,131.27000427246094,21043400.0
2024-09-18,130.44000244140625,139.49000549316406,128.50999450683594,132.6699981689453,16345600.0
2024-09-19,140.4499969482422,148.9600067138672,139.6199951171875,144.66000366210938,20177300.0
2024-09-20,144.38999938964844,148.02999877929688,141.63999938964844,144.77999877929688,12332300.0
2024-09-23,147.47999572753906,151.58999633789062,145.00999450683594,149.97000122070312,10090300.0
2024-09-24,150.16000366210938,154.3300018310547,146.7100067138672,153.8800048828125,9365200.0
2024-09-25,152.3000030517578,157.8800048828125,151.5,151.94000244140625,7839400.0
2024-09-26,157.6300048828125,167.50999450683594,156.3800048828125,165.97999572753906,17068500.0
2024-09-27,170.47999572753906,179.60000610351562,168.30999755859375,176.22000122070312,17321200.0
2024-09-30,168.6300048828125,175.50999450683594,167.30999755859375,168.60000610351562,13338100.0
2024-10-01,168.52000427246094,169.42999267578125,157.02000427246094,162.69000244140625,14103300.0
2024-10-02,160.50999450683594,173.8800048828125,159.16000366210938,164.63999938964844,12557500.0
2024-10-03,163.38999938964844,165.86000061035156,157.82000732421875,163.41000366210938,8814200.0
2024-10-04,166.72000122070312,176.5500030517578,163.97000122070312,176.50999450683594,14030100.0
2024-10-07,179.7100067138672,191.99000549316406,178.8000030517578,186.08999633789062,19826000.0
2024-10-08,186.10000610351562,198.49000549316406,184.4499969482422,192.1999969482422,20984800.0
2024-10-09,189.77000427246094,198.38999938964844,185.25,188.91000366210938,13445300.0
2024-10-10,191.88999938964844,192.1999969482422,178.0,183.33999633789062,15937500.0
2024-10-11,188.5,212.80999755859375,187.41000366210938,212.58999633789062,29933800.0
2024-10-14,224.47999572753906,227.14999389648438,201.42999267578125,201.6699981689453,31736600.0
2024-10-15,206.72999572753906,211.16000366210938,189.6999969482422,194.30999755859375,23114600.0
2024-10-16,199.89999389648438,200.6199951171875,191.9600067138672,194.08999633789062,12434600.0
2024-10-17,192.8000030517578,198.8800048828125,185.80999755859375,193.4199981689453,11414300.0
2024-10-18,197.58999633789062,218.64999389648438,197.10000610351562,215.86000061035156,22814800.0
2024-10-21,214.49000549316406,223.14999389648438,208.4499969482422,219.0500030517578,18028600.0
2024-10-22,216.2100067138672,221.39999389648438,212.0800018310547,219.6999969482422,13758100.0
2024-10-23,215.0800018310547,222.85000610351562,204.91000366210938,213.9499969482422,17025500.0
2024-10-24,220.08999633789062,236.2899932861328,218.25,235.88999938964844,23221500.0
2024-10-25,236.38999938964844,245.57000732421875,227.75,234.33999633789062,25093200.0
2024-10-28,244.63999938964844,259.5,242.77000427246094,255.33999633789062,23182000.0
2024-10-29,264.25,267.8900146484375,251.24000549316406,258.239990234375,25958500.0
2024-10-30,246.5,255.8000030517578,239.0,247.30999755859375,20593300.0
2024-10-31,251.1199951171875,252.8800048828125,237.0,244.5,21954100.0
2024-11-01,245.3300018310547,255.75,225.92999267578125,229.7100067138672,26258900.0
2024-11-04,226.97000122070312,231.67999267578125,220.82000732421875,222.99000549316406,13438800.0
2024-11-05,233.33999633789062,243.4600067138672,225.42999267578125,227.8000030517578,17993900.0
2024-11-06,260.0,261.20001220703125,242.69000244140625,257.80999755859375,26270400.0
2024-11-07,256.79998779296875,280.79998779296875,252.6999969482422,270.80999755859375,23931700.0
2024-11-08,275.5799865722656,279.3800048828125,262.6000061035156,270.4200134277344,18764200.0
2024-11-11,297.0,351.7300109863281,293.29998779296875,340.0,47315700.0
2024-11-12,334.7699890136719,360.8900146484375,325.5,356.5899963378906,39705800.0
2024-11-13,366.9800109863281,383.3999938964844,321.70001220703125,328.3800048828125,46238500.0
2024-11-14,341.7699890136719,348.0,318.6199951171875,327.6700134277344,26605700.0
2024-11-15,336.6000061035156,349.94000244140625,324.1000061035156,340.6499938964844,25842000.0
2024-11-18,345.4200134277344,388.489990234375,339.3800048828125,384.7900085449219,32612800.0
2024-11-19,389.5,449.0,381.0,430.5400085449219,50954500.0
2024-11-20,463.3999938964844,504.8299865722656,457.29998779296875,473.8299865722656,70212600.0
2024-11-21,535.6300048828125,543.0,371.8399963378906,397.2799987792969,100444000.0
2024-11-22,403.6000061035156,453.0,393.1000061035156,421.8800048828125,55935000.0
2024-11-25,440.75,440.75,383.79998779296875,403.45001220703125,40180400.0
2024-11-26,382.7799987792969,403.0,338.6700134277344,353.69000244140625,47891000.0
2024-11-27,384.2900085449219,397.6600036621094,372.5,388.8399963378906,34921200.0
2024-11-29,405.75,417.6199951171875,381.0,387.4700012207031,21987600.0
2024-12-02,393.6400146484375,398.7900085449219,374.3599853515625,380.29998779296875,23404300.0
2024-12-03,367.8500061035156,393.1199951171875,362.6700134277344,373.42999267578125,22817500.0
2024-12-04,380.0,409.9700012207031,365.6000061035156,406.0,29862200.0
2024-12-05,440.1199951171875,444.94000244140625,379.3500061035156,386.3999938964844,46189800.0
2024-12-06,395.2900085449219,405.0,384.0199890136719,395.010009765625,26206200.0
2024-12-09,394.0,399.79998779296875,363.44000244140625,365.3399963378906,22606100.0
2024-12-10,373.3699951171875,379.79998779296875,356.04998779296875,377.32000732421875,20139900.0
2024-12-11,385.6600036621094,412.67999267578125,385.5,411.3999938964844,27594400.0
2024-12-12,413.7099914550781,415.79998779296875,386.1099853515625,392.19000244140625,21074300.0
2024-12-13,400.07000732421875,409.7099914550781,388.8800048828125,408.6700134277344,21536900.0
2024-12-16,424.8699951171875,437.6099853515625,406.4599914550781,408.5,31099400.0
2024-12-17,413.45001220703125,415.67999267578125,386.010009765625,386.4200134277344,21822000.0
2024-12-18,386.0,390.32000732421875,338.0,349.6400146484375,24422900.0
2024-12-19,365.44000244140625,367.5,323.4800109863281,326.4599914550781,26922900.0
2024-12-20,319.3699951171875,364.8800048828125,317.0,364.20001220703125,44889900.0
2024-12-23,358.0,359.739990234375,329.0799865722656,332.2300109863281,21742500.0
2024-12-24,343.5,361.0,342.70001220703125,358.17999267578125,16377800.0
2024-12-26,350.30999755859375,351.79998779296875,340.0,341.04998779296875,13249000.0
2024-12-27,342.29998779296875,342.7099914550781,323.20001220703125,330.0,13778500.0
2024-12-30,319.3999938964844,320.010009765625,301.75,302.9599914550781,25771200.0
2024-12-31,316.9599914550781,317.9100036621094,285.010009765625,289.6199951171875,22486100.0
2025-01-02,300.1099853515625,310.79998779296875,292.32000732421875,300.010009765625,17933900.0
2025-01-03,303.0,343.3999938964844,301.7699890136719,339.6600036621094,25039000.0
2025-01-06,349.8500061035156,383.0199890136719,335.5,379.0899963378906,26707300.0
2025-01-07,366.4700012207031,371.2799987792969,335.29998779296875,341.42999267578125,24736800.0
2025-01-08,335.25,344.3900146484375,317.2200012207031,331.70001220703125,18274800.0
2025-01-10,330.30999755859375,337.0,317.9100036621094,327.9100036621094,16478700.0
2025-01-13,309.95001220703125,329.6000061035156,303.79998779296875,328.3999938964844,15914500.0
2025-01-14,343.0,354.8999938964844,331.29998779296875,342.1700134277344,17889500.0
2025-01-15,357.80999755859375,368.4200134277344,353.010009765625,360.6199951171875,19941300.0
2025-01-16,357.8900146484375,370.260009765625,345.79998779296875,367.0,14826600.0
2025-01-17,383.2799987792969,398.67999267578125,380.1499938964844,396.5,24339100.0
2025-01-21,395.4599914550781,404.4200134277344,367.760009765625,389.1000061035156,26215800.0
2025-01-22,384.9100036621094,390.3500061035156,371.04998779296875,377.30999755859375,16000300.0
2025-01-23,371.75,390.20001220703125,370.70001220703125,373.1199951171875,23306500.0
2025-01-24,377.6700134277344,378.1099853515625,351.0,353.6700134277344,22943800.0
2025-01-27,340.5,356.8800048828125,322.29998779296875,347.9200134277344,21224400.0
2025-01-28,344.67999267578125,348.9200134277344,333.0899963378906,335.92999267578125,11461400.0
2025-01-29,338.20001220703125,343.6300048828125,329.3299865722656,341.25,11716800.0
2025-01-30,345.8299865722656,356.1099853515625,338.5199890136719,340.0899963378906,12607800.0
2025-01-31,340.1099853515625,352.7099914550781,332.0,334.7900085449219,15533300.0
2025-02-03,310.0,348.8500061035156,308.8999938964844,347.0899963378906,18207300.0
2025-02-04,341.20001220703125,353.7900085449219,340.45001220703125,348.30999755859375,12486000.0
2025-02-05,349.0,352.3599853515625,333.54998779296875,336.70001220703125,10874100.0
2025-02-06,338.70001220703125,344.5,320.7099914550781,325.4599914550781,12795200.0
2025-02-07,335.0,344.3999938964844,327.0,327.55999755859375,15049700.0
2025-02-10,333.5,340.3800048828125,328.29998779296875,334.6199951171875,10104100.0
2025-02-11,332.9800109863281,338.5,318.70001220703125,319.4599914550781,12017200.0
2025-02-12,315.9599914550781,331.1700134277344,314.19000244140625,326.82000732421875,9837900.0
2025-02-13,325.5,330.5899963378906,317.3500061035156,324.9200134277344,9848100.0
2025-02-14,325.1499938964844,344.8900146484375,323.7099914550781,337.7300109863281,13912800.0
2025-02-18,337.3500061035156,340.489990234375,326.7900085449219,333.9700012207031,10179800.0
2025-02-19,337.29998779296875,340.19000244140625,317.2200012207031,318.6700134277344,17043100.0
2025-02-20,323.7300109863281,327.8299865722656,314.95001220703125,323.9200134277344,12291700.0
2025-02-21,327.92999267578125,329.0,299.0400085449219,299.69000244140625,17930800.0
2025-02-24,304.0,304.0400085449219,276.3999938964844,282.760009765625,17974900.0
2025-02-25,268.1000061035156,270.2900085449219,243.6999969482422,250.50999450683594,31379600.0
2025-02-26,245.38999938964844,264.4599914550781,244.00999450683594,263.2699890136719,19876900.0
2025-02-27,267.42999267578125,271.4599914550781,239.47999572753906,240.0500030517578,18520300.0
2025-02-28,238.32000732421875,257.5,231.9199981689453,255.42999267578125,22662600.0
2025-03-03,293.1499938964844,295.1000061035156,246.10000610351562,250.9199981689453,30575700.0
2025-03-04,240.27999877929688,293.0400085449219,237.00999450683594,275.1499938964844,30130200.0
2025-03-05,278.30999755859375,311.2799987792969,271.7699890136719,308.54998779296875,26199800.0
2025-03-06,298.95001220703125,320.94000244140625,292.1700134277344,304.1099853515625,25309500.0
2025-03-07,298.1499938964844,310.44000244140625,281.44000244140625,287.17999267578125,22764500.0
2025-03-10,268.0,272.0,231.6199951171875,239.27000427246094,31478300.0
2025-03-11,245.0,263.1000061035156,231.50999450683594,260.5899963378906,22076100.0
2025-03-12,264.6000061035156,269.7699890136719,248.22000122070312,262.54998779296875,14328600.0
2025-03-13,262.0,270.3999938964844,253.75999450683594,263.260009765625,13804700.0
2025-03-14,273.989990234375,298.70001220703125,272.6199951171875,297.489990234375,23714000.0
2025-03-17,292.1499938964844,296.80999755859375,281.6000061035156,294.2699890136719,12998700.0
2025-03-18,283.20001220703125,290.989990234375,272.5,283.19000244140625,15398200.0
2025-03-19,290.29998779296875,309.0799865722656,287.1199951171875,304.2300109863281,19378800.0
2025-03-20,298.7900085449219,309.3999938964844,293.3999938964844,302.07000732421875,15058100.0
2025-03-21,295.70001220703125,306.3900146484375,293.04998779296875,304.0,21774000.0
2025-03-24,316.1400146484375,336.7699890136719,311.3599853515625,335.7200012207031,23099700.0
2025-03-25,333.4800109863281,343.5899963378906,329.5,341.80999755859375,15053700.0
2025-03-26,336.5,340.3399963378906,319.7300109863281,329.30999755859375,16732400.0
2025-03-27,322.5299987792969,333.489990234375,318.0,324.5899963378906,13838300.0
2025-03-28,318.3800048828125,320.79998779296875,289.25,289.4100036621094,21058900.0
2025-03-31,281.8699951171875,294.8900146484375,272.79998779296875,288.2699890136719,14866300.0
2025-04-01,293.5299987792969,307.6000061035156,280.6499938964844,306.0199890136719,16780100.0
2025-04-02,297.8599853515625,319.4700012207031,296.9800109863281,312.5400085449219,16293800.0
2025-04-03,286.75,299.2200012207031,276.0299987792969,282.2799987792969,18223000.0
2025-04-04,285.0199890136719,299.1400146484375,265.29998779296875,293.6099853515625,24847100.0
2025-04-07,260.1400146484375,297.6000061035156,252.60000610351562,268.1400146484375,28449300.0
2025-04-08,278.1499938964844,282.8399963378906,235.92999267578125,237.9499969482422,22952700.0
2025-04-09,242.02000427246094,302.3399963378906,241.69000244140625,296.8599853515625,38346400.0
2025-04-10,282.5,288.30999755859375,261.3699951171875,272.3399963378906,19237800.0
2025-04-11,281.29998779296875,304.1499938964844,276.29998779296875,299.9800109863281,21334100.0
2025-04-14,309.79998779296875,314.6000061035156,300.1000061035156,311.45001220703125,15635400.0
2025-04-15,312.2200012207031,319.75,306.80999755859375,310.7200012207031,11217800.0
2025-04-16,306.05999755859375,318.6000061035156,304.0,311.6600036621094,12847200.0
2025-04-17,313.8900146484375,320.0,306.0,317.20001220703125,13511100.0
2025-04-21,324.989990234375,330.989990234375,309.0,317.760009765625,16053200.0
2025-04-22,328.7099914550781,348.9599914550781,327.010009765625,343.0299987792969,24036500.0
2025-04-23,354.70001220703125,355.8299865722656,339.0,345.7300109863281,16690700.0
2025-04-24,344.9700012207031,351.0299987792969,343.239990234375,350.3399963378906,10781400.0
2025-04-25,354.0,373.2300109863281,353.1199951171875,368.7099914550781,19338600.0
2025-04-28,373.2900085449219,373.6600036621094,354.5299987792969,369.25,11490900.0
2025-04-29,369.0199890136719,383.95001220703125,366.79998779296875,381.45001220703125,13038800.0
2025-04-30,373.7799987792969,384.0,362.3900146484375,380.1099853515625,13762900.0
2025-05-01,392.2900085449219,403.8999938964844,381.0299987792969,381.6000061035156,16944100.0
2025-05-02,393.8800048828125,401.70001220703125,387.510009765625,394.3699951171875,15948000.0
2025-05-05,383.3299865722656,391.92999267578125,374.20001220703125,386.5299987792969,14424100.0
2025-05-06,378.55999755859375,387.8599853515625,377.7699890136719,385.6000061035156,9695600.0
2025-05-07,393.79998779296875,396.3500061035156,388.260009765625,392.4800109863281,10555300.0
2025-05-08,408.1700134277344,423.1099853515625,404.5,414.3800048828125,22135600.0
2025-05-09,420.0,430.3500061035156,406.2200012207031,416.0299987792969,17161800.0
2025-05-12,420.9200134277344,422.0400085449219,400.8299865722656,404.8999938964844,16245500.0
2025-05-13,412.54998779296875,422.54998779296875,404.1199951171875,421.6099853515625,12925000.0
2025-05-14,420.3999938964844,425.94000244140625,410.4100036621094,416.75,10722700.0
2025-05-15,411.70001220703125,415.3599853515625,394.1400146484375,397.0299987792969,14674700.0
2025-05-16,399.0,406.8999938964844,389.010009765625,399.79998779296875,12461100.0
2025-05-19,392.80999755859375,414.5899963378906,392.6199951171875,413.4200134277344,12822000.0
2025-05-20,413.5,417.8500061035156,406.1000061035156,416.9200134277344,11532200.0
2025-05-21,415.9200134277344,423.3399963378906,395.5299987792969,402.69000244140625,18698500.0
2025-05-22,413.20001220703125,426.32000732421875,398.9100036621094,399.4599914550781,16511400.0
2025-05-23,391.510009765625,392.19000244140625,367.30999755859375,369.510009765625,21448800.0
2025-05-27,381.1199951171875,381.29998779296875,364.17999267578125,372.20001220703125,14116000.0
2025-05-28,368.5299987792969,370.6499938964844,358.5,364.25,9936800.0
2025-05-29,370.7900085449219,373.8599853515625,362.739990234375,370.6300048828125,10175500.0
2025-05-30,369.0,372.55999755859375,359.1600036621094,369.05999755859375,12564000.0
2025-06-02,367.8900146484375,378.42999267578125,367.0199890136719,372.2699890136719,8102800.0
2025-06-03,379.3999938964844,391.010009765625,371.3699951171875,387.42999267578125,11351800.0
2025-06-04,385.79998779296875,386.1199951171875,375.6600036621094,378.1000061035156,8472200.0
2025-06-05,383.8500061035156,385.3800048828125,364.29998779296875,368.7900085449219,11871400.0
2025-06-06,377.3999938964844,380.6000061035156,369.7099914550781,374.4700012207031,9384200.0
2025-06-09,380.67999267578125,394.7900085449219,377.6000061035156,392.1199951171875,10924600.0
2025-06-10,393.239990234375,394.0,383.6000061035156,391.17999267578125,7074800.0
2025-06-11,391.2300109863281,392.7699890136719,380.5,387.1099853515625,6812200.0
2025-06-12,378.3999938964844,391.2200012207031,373.9800109863281,379.760009765625,9423900.0
2025-06-13,375.2300109863281,383.55999755859375,370.6199951171875,382.8699951171875,9378900.0
2025-06-16,387.6099853515625,388.1499938964844,377.3999938964844,382.25,8105200.0
2025-06-17,375.260009765625,378.4800109863281,367.0,375.17999267578125,11218500.0
2025-06-18,371.42999267578125,374.9100036621094,367.4200134277344,369.0299987792969,9200500.0
2025-06-20,372.75,376.1000061035156,365.1099853515625,369.70001220703125,12821800.0
2025-06-23,362.4800109863281,370.29998779296875,358.79998779296875,367.17999267578125,10614700.0
2025-06-24,373.67999267578125,384.3599853515625,371.0,377.0199890136719,10174900.0
2025-06-25,384.8299865722656,389.489990234375,379.30999755859375,388.6700134277344,10606600.0
2025-06-26,386.3500061035156,392.6700134277344,384.1499938964844,386.44000244140625,10202300.0
2025-06-27,385.2300109863281,397.989990234375,383.4100036621094,383.8800048828125,18694400.0
2025-06-30,389.7799987792969,407.3900146484375,384.25,404.2300109863281,13752900.0
2025-07-01,395.70001220703125,397.8699951171875,372.9100036621094,373.29998779296875,17289600.0
2025-07-02,383.3399963378906,405.29998779296875,379.8800048828125,402.2799987792969,17454400.0
2025-07-03,400.8699951171875,414.6000061035156,400.3999938964844,403.989990234375,10013900.0
2025-07-07,402.6400146484375,405.6400146484375,395.20001220703125,395.6700134277344,8848200.0
2025-07-08,399.69000244140625,402.20001220703125,393.2099914550781,396.94000244140625,7022700.0
2025-07-09,401.6000061035156,416.3399963378906,395.95001220703125,415.4100036621094,13065400.0
2025-07-10,412.57000732421875,422.3999938964844,411.20001220703125,421.739990234375,13208600.0
2025-07-11,430.5400085449219,438.8399963378906,423.5,434.5799865722656,18448500.0
2025-07-14,447.20001220703125,456.45001220703125,440.6499938964844,451.0199890136719,17952500.0
2025-07-15,445.2200012207031,456.6600036621094,441.0199890136719,442.30999755859375,14315400.0
2025-07-16,448.30999755859375,457.2200012207031,445.55999755859375,455.8999938964844,10575400.0
2025-07-17,451.67999267578125,456.0,446.5799865722656,451.3399963378906,8901400.0
2025-07-18,451.7200012207031,454.3299865722656,422.2200012207031,423.2200012207031,19105400.0
2025-07-21,430.1000061035156,437.0,425.0199890136719,426.2799987792969,9984500.0
2025-07-22,428.8500061035156,433.94000244140625,413.6000061035156,426.3999938964844,10524200.0
2025-07-23,422.8299865722656,424.0,406.1000061035156,412.6700134277344,12990000.0
2025-07-24,414.5799865722656,419.95001220703125,406.1700134277344,414.9200134277344,7407300.0
2025-07-25,405.6700134277344,410.95001220703125,402.20001220703125,405.8900146484375,8380200.0
2025-07-28,416.95001220703125,417.010009765625,403.4599914550781,403.79998779296875,6996500.0
2025-07-29,405.9599914550781,407.0,390.4100036621094,394.6600036621094,10580000.0
2025-07-30,396.7799987792969,404.3900146484375,392.5899963378906,395.0400085449219,7543800.0
2025-07-31,399.1300048828125,410.80999755859375,397.0799865722656,401.8599853515625,10467500.0
2025-08-01,390.4100036621094,392.6400146484375,365.70001220703125,366.6300048828125,21808900.0
2025-08-04,372.7699890136719,390.0199890136719,366.20001220703125,389.239990234375,12362400.0
2025-08-05,384.17999267578125,388.30999755859375,373.3500061035156,375.4599914550781,8467100.0
2025-08-06,374.75,384.4200134277344,373.0,383.4100036621094,7242600.0
2025-08-07,388.3999938964844,406.239990234375,387.1400146484375,402.010009765625,13051200.0
2025-08-08,397.6000061035156,409.6499938964844,389.0299987792969,395.1300048828125,11200100.0
2025-08-11,403.9200134277344,414.3599853515625,398.9200134277344,400.25,10394400.0
2025-08-12,400.5,401.6700134277344,390.1400146484375,394.3900146484375,8333600.0
2025-08-13,397.7300109863281,399.44000244140625,383.54998779296875,389.8999938964844,10884900.0
2025-08-14,380.0,381.0,365.0,372.94000244140625,16461700.0
2025-08-15,372.2099914550781,372.6199951171875,360.0299987792969,366.32000732421875,13125300.0
2025-08-18,359.95001220703125,367.57000732421875,358.010009765625,363.6000061035156,9002000.0
2025-08-19,363.19000244140625,364.6300048828125,333.3999938964844,336.57000732421875,18254600.0
2025-08-20,339.3800048828125,345.5,325.55999755859375,344.3699951171875,13807200.0
2025-08-21,340.0,343.2699890136719,334.8500061035156,337.5799865722656,8398500.0
2025-08-22,335.20001220703125,359.5299987792969,332.6099853515625,358.1300048828125,17386900.0
2025-08-25,344.9100036621094,351.510009765625,339.2099914550781,343.20001220703125,10983400.0
2025-08-26,341.80999755859375,351.989990234375,340.67999267578125,351.3599853515625,9144200.0
2025-08-27,348.67999267578125,351.7699890136719,341.8399963378906,342.05999755859375,8454300.0
2025-08-28,346.1600036621094,348.1700134277344,336.6499938964844,338.8399963378906,8116100.0
2025-08-29,334.6000061035156,339.6300048828125,332.6400146484375,334.4100036621094,10162300.0
2025-09-02,334.92999267578125,348.6000061035156,331.57000732421875,341.6199951171875,11123000.0
2025-09-03,341.7699890136719,344.5,327.6099853515625,330.260009765625,9180200.0
2025-09-04,330.0,332.55999755859375,317.75,327.5899963378906,10530000.0
2025-09-05,334.80999755859375,337.20001220703125,320.0,335.8699951171875,14047600.0
2025-09-08,328.1099853515625,333.1000061035156,321.5,329.8999938964844,9954500.0
2025-09-09,330.2300109863281,331.9599914550781,324.45001220703125,328.5299987792969,6587800.0
2025-09-10,332.79998779296875,340.010009765625,321.9599914550781,326.45001220703125,9741400.0
2025-09-11,326.8699951171875,329.75,322.7699890136719,326.0199890136719,7506900.0
2025-09-12,329.1499938964844,336.1300048828125,327.6000061035156,331.44000244140625,10809900.0
2025-09-15,329.3999938964844,331.3299865722656,320.45001220703125,327.7900085449219,9527700.0
2025-09-16,329.2300109863281,335.44000244140625,324.8399963378906,335.0899963378906,8651300.0
2025-09-17,335.6600036621094,340.1099853515625,323.2099914550781,329.7099914550781,9691000.0
2025-09-18,335.8599853515625,358.25,334.6300048828125,349.1199951171875,19697300.0
2025-09-19,347.45001220703125,352.9200134277344,337.07000732421875,344.75,17699700.0
2025-09-22,337.0199890136719,341.5899963378906,329.0,335.92999267578125,10053500.0
2025-09-23,337.05999755859375,339.0,327.7699890136719,327.7799987792969,9468800.0
2025-09-24,330.6300048828125,337.05999755859375,323.1400146484375,323.30999755859375,9153100.0
2025-09-25,316.6099853515625,317.0,292.3599853515625,300.70001220703125,22087000.0
2025-09-26,301.29998779296875,310.0,297.7099914550781,309.05999755859375,11693400.0
2025-09-29,313.7300109863281,327.989990234375,311.0,326.4200134277344,12652000.0
2025-09-30,320.8299865722656,324.5,316.19000244140625,322.2099914550781,7798800.0
2025-10-01,332.4700012207031,343.7300109863281,331.20001220703125,338.4100036621094,13994800.0
2025-10-02,348.57000732421875,353.2200012207031,341.1499938964844,352.3299865722656,13666800.0
2025-10-03,350.8699951171875,358.5400085449219,344.3999938964844,351.6300048828125,12107900.0
2025-10-06,362.95001220703125,365.2099914550781,354.70001220703125,359.69000244140625,9551000.0
2025-10-07,358.8800048828125,359.44000244140625,328.1600036621094,328.3999938964844,19584100.0
2025-10-08,335.6199951171875,336.3599853515625,322.29998779296875,330.79998779296875,12996300.0
2025-10-09,327.3999938964844,328.989990234375,318.2200012207031,320.2900085449219,11213200.0
2025-10-10,323.17999267578125,323.42999267578125,303.57000732421875,304.7900085449219,13643700.0
2025-10-13,306.6700134277344,315.95001220703125,300.5899963378906,315.4700012207031,11575000.0
2025-10-14,301.0,312.7099914550781,297.3399963378906,300.6700134277344,11480500.0
2025-10-15,303.6000061035156,308.8800048828125,294.6199951171875,296.760009765625,10625600.0
2025-10-16,299.8999938964844,301.5799865722656,282.19000244140625,283.8399963378906,13817900.0
2025-10-17,279.2699890136719,292.79998779296875,279.0,289.8699951171875,13110700.0
2025-10-20,297.2099914550781,306.1600036621094,294.3999938964844,296.6099853515625,9679700.0
2025-10-21,293.95001220703125,305.989990234375,291.5199890136719,301.9100036621094,7902800.0
2025-10-22,293.0199890136719,297.9599914550781,276.6000061035156,280.80999755859375,15129500.0
2025-10-23,285.4700012207031,289.07000732421875,278.0,284.9200134277344,9082100.0
2025-10-24,290.42999267578125,292.1499938964844,286.1099853515625,289.0799865722656,7881700.0
2025-10-27,299.5,299.79998779296875,293.0,295.6300048828125,8135900.0
2025-10-28,295.1400146484375,297.20001220703125,284.25,284.6400146484375,7996800.0
2025-10-29,284.3800048828125,286.17999267578125,274.0,275.3599853515625,10184100.0
2025-10-30,269.989990234375,271.3699951171875,254.0,254.57000732421875,15564200.0
2025-10-31,269.9800109863281,276.32000732421875,263.0,269.510009765625,14071800.0
2025-11-03,264.19000244140625,270.3599853515625,259.8500061035156,264.6700134277344,11074600.0
2025-11-04,255.16000366210938,258.2099914550781,245.86000061035156,246.99000549316406,15735100.0
2025-11-05,250.1999969482422,255.36000061035156,247.02000427246094,255.0,9676200.0
2025-11-06,252.13999938964844,252.33999633789062,235.02999877929688,237.1999969482422,14468300.0
2025-11-07,222.66000366210938,243.72999572753906,219.67999267578125,241.92999267578125,16976100.0
2025-11-10,249.67999267578125,249.9600067138672,234.60000610351562,238.8800048828125,9527200.0
2025-11-11,236.4600067138672,239.24000549316406,230.5500030517578,231.35000610351562,8340300.0
2025-11-12,233.89999389648438,234.83999633789062,219.8000030517578,224.61000061035156,10800400.0
2025-11-13,223.8000030517578,226.0,207.02999877929688,208.5399932861328,16474500.0
2025-11-14,200.5800018310547,208.83999633789062,194.55999755859375,199.75,23233800.0
2025-11-17,197.02999877929688,204.14999389648438,189.52999877929688,195.4199981689453,19545000.0
2025-11-18,196.36000061035156,213.8300018310547,196.0,206.8000030517578,22049500.0
2025-11-19,202.36000061035156,203.9499969482422,181.72999572753906,186.5,28025400.0
2025-11-20,192.44000244140625,193.52999877929688,171.47999572753906,177.1300048828125,27684400.0
2025-11-21,172.74000549316406,181.19000244140625,166.30999755859375,170.5,29651300.0
2025-11-24,171.6199951171875,179.83999633789062,166.00999450683594,179.0399932861328,23282600.0
2025-11-25,173.7100067138672,176.75999450683594,166.77999877929688,172.19000244140625,19112700.0
2025-11-26,173.69000244140625,180.6300048828125,169.6999969482422,175.63999938964844,20016500.0
2025-11-28,182.99000549316406,187.2899932861328,175.0500030517578,177.17999267578125,15114300.0
2025-12-01,168.25999450683594,172.17999267578125,155.61000061035156,171.4199981689453,42940200.0
2025-12-02,177.75,188.3699951171875,176.88999938964844,181.3300018310547,31285600.0
2025-12-03,183.39999389648438,190.44000244140625,177.82000732421875,188.38999938964844,26686100.0
2025-12-04,186.02000427246094,191.0,182.35000610351562,186.00999450683594,16474400.0
2025-12-05,183.33999633789062,185.38999938964844,176.3000030517578,178.99000549316406,20750700.0
2025-12-08,182.10000610351562,185.58999633789062,178.0,183.69000244140625,16328100.0
2025-12-09,181.49000549316406,198.39999389648438,179.9199981689453,188.99000549316406,24269600.0
2025-12-10,189.32000732421875,191.07000732421875,182.1999969482422,184.63999938964844,22459000.0
2025-12-11,179.7899932861328,183.5,171.41000366210938,183.3000030517578,19542400.0
2025-12-12,182.97000122070312,185.25,176.22000122070312,176.4499969482422,14532100.0
2025-12-15,176.0,176.5,160.5399932861328,162.0800018310547,25393400.0
2025-12-16,164.97000122070312,171.49000549316406,161.9499969482422,167.5,21181000.0
2025-12-17,167.75,171.16000366210938,160.30999755859375,160.3800048828125,19144900.0
2025-12-18,167.80999755859375,169.50999450683594,157.42999267578125,158.24000549316406,17534700.0
2025-12-19,163.39999389648438,167.75,161.6300048828125,164.82000732421875,22062400.0
2025-12-22,168.82000732421875,170.6699981689453,163.69000244140625,164.32000732421875,19234500.0
2025-12-23,162.25,162.72999572753906,156.5,157.8800048828125,15891200.0
2025-12-24,157.1999969482422,159.27999877929688,155.10000610351562,158.7100067138672,7097600.0
2025-12-26,159.88999938964844,159.91000366210938,154.1199951171875,158.80999755859375,12298200.0
2025-12-29,157.9499969482422,162.92999267578125,155.32000732421875,155.38999938964844,14073500.0
2025-12-30,155.82000732421875,159.3800048828125,154.1300048828125,155.61000061035156,12740200.0
2025-12-31,156.24000549316406,156.8000030517578,151.4199981689453,151.9499969482422,15918100.0
2026-01-02,154.58999633789062,160.7899932861328,149.75,157.16000366210938,20185600.0
2026-01-05,163.4199981689453,167.6999969482422,160.9600067138672,164.72000122070312,22859000.0
2026-01-06,166.8800048828125,167.13999938964844,154.0500030517578,157.97000122070312,22627800.0
2026-01-07,163.4499969482422,170.16000366210938,158.4499969482422,161.8300018310547,28406900.0
2026-01-08,158.6300048828125,170.6199951171875,156.1699981689453,166.97000122070312,25159400.0
2026-01-09,166.75,167.1999969482422,155.4600067138672,157.3300018310547,27962600.0
2026-01-12,156.27000427246094,163.82000732421875,154.69000244140625,162.22999572753906,16182000.0
2026-01-13,164.4499969482422,173.75999450683594,159.92999267578125,172.99000549316406,27656200.0
2026-01-14,178.63999938964844,190.1999969482422,176.1199951171875,179.3300018310547,40257000.0
2026-01-15,179.1300048828125,179.25,170.08999633789062,170.91000366210938,21486500.0
2026-01-16,171.92999267578125,173.8800048828125,167.58999633789062,173.7100067138672,19462500.0
2026-01-20,165.1699981689453,165.72000122070312,158.85000610351562,160.22999572753906,25666700.0
2026-01-21,161.27000427246094,165.72000122070312,156.00999450683594,163.80999755859375,18440800.0
2026-01-22,163.72999572753906,164.63999938964844,159.44000244140625,160.97999572753906,11116000.0
2026-01-23,160.94000244140625,168.9600067138672,158.72000122070312,163.11000061035156,14879300.0
2026-01-26,159.41000366210938,163.9199981689453,158.6199951171875,160.5800018310547,14516500.0
2026-01-27,160.30999755859375,161.6699981689453,156.97999572753906,161.5800018310547,13962200.0
2026-01-28,164.4499969482422,165.72000122070312,157.0,158.4499969482422,14082600.0
2026-01-29,155.9499969482422,156.0,139.36000061035156,143.19000244140625,34618500.0
2026-01-30,140.0,151.14999389648438,139.89999389648438,149.7100067138672,22768000.0
2026-02-02,139.77000427246094,147.8800048828125,138.0,139.6300048828125,27171500.0
2026-02-03,140.13999938964844,140.22999572753906,126.73999786376953,133.25999450683594,26169000.0
2026-02-04,130.00999450683594,130.82000732421875,121.19000244140625,129.08999633789062,25775600.0
2026-02-05,120.25,122.0,104.16999816894531,106.98999786376953,60129700.0
2026-02-06,114.94999694824219,135.6699981689453,114.68000030517578,134.92999267578125,57771000.0
2026-02-09,127.37000274658203,139.5800018310547,125.12999725341797,138.44000244140625,34291600.0
2026-02-10,133.66000366210938,139.16000366210938,132.67999267578125,133.0,23002100.0
2026-02-11,133.69000244140625,133.91000366210938,123.91999816894531,126.06999969482422,25837800.0
2026-02-12,127.56999969482422,128.99000549316406,120.63999938964844,123.0,20960700.0
2026-02-13,127.0,135.25,125.76000213623047,133.8800048828125,24573900.0
2026-02-17,129.00999450683594,132.1199951171875,125.91000366210938,128.6699981689453,18881000.0
2026-02-18,127.62999725341797,132.25,123.62000274658203,125.19999694824219,17307700.0
2026-02-19,123.48999786376953,130.0399932861328,121.87000274658203,129.4499969482422,15457200.0
2026-02-20,130.50999450683594,136.13999938964844,129.41000366210938,131.0500030517578,17625400.0
2026-02-23,127.9000015258789,130.3800048828125,122.83000183105469,123.70999908447266,18858900.0
2026-02-24,121.70999908447266,126.73999786376953,118.4000015258789,124.61000061035156,15352700.0
2026-02-25,130.0500030517578,137.86000061035156,128.94000244140625,135.64999389648438,24152100.0
2026-02-26,133.6999969482422,135.75,128.63999938964844,133.39999389648438,18110800.0
2026-02-27,128.9499969482422,131.1199951171875,127.86000061035156,129.5,14027700.0
2026-03-02,129.13999938964844,140.13999938964844,128.94000244140625,137.64999389648438,25456100.0
2026-03-03,133.33999633789062,136.4600067138672,127.80000305175781,132.67999267578125,19405900.0
2026-03-04,143.8300018310547,149.5399932861328,142.19000244140625,146.44000244140625,37382600.0
2026-03-05,145.0399932861328,146.44000244140625,137.2100067138672,139.80999755859375,21286000.0
2026-03-06,134.89999389648438,136.36000061035156,131.77000427246094,133.52999877929688,19538800.0
2026-03-09,136.0,140.19000244140625,135.3000030517578,138.9499969482422,20433000.0
2026-03-10,141.92999267578125,142.4600067138672,133.94000244140625,138.4600067138672,18325000.0
2026-03-11,139.80999755859375,142.6699981689453,135.13999938964844,138.3300018310547,15637600.0
2026-03-12,137.16000366210938,138.8000030517578,133.3800048828125,137.33999633789062,15229400.0
2026-03-13,143.86000061035156,147.25999450683594,138.44000244140625,139.6699981689453,23685400.0
2026-03-16,145.35000610351562,148.24000549316406,143.30999755859375,147.52000427246094,22933200.0
2026-03-17,145.97000122070312,152.27000427246094,145.22999572753906,150.27999877929688,18448500.0
2026-03-18,144.99000549316406,146.75999450683594,140.35000610351562,140.55999755859375,21314100.0
2026-03-19,135.02000427246094,139.77999877929688,132.75999450683594,138.24000549316406,19227700.0
2026-03-20,139.47000122070312,139.69000244140625,134.1300048828125,135.66000366210938,28568300.0
2026-03-23,138.61000061035156,139.92999267578125,133.97000122070312,138.1999969482422,21633700.0
2026-03-24,138.72999572753906,140.0500030517578,134.27999877929688,136.25,19098500.0
2026-03-25,140.39999389648438,143.85000610351562,136.8000030517578,139.1300048828125,18708000.0
2026-03-26,136.5500030517578,139.0800018310547,132.69000244140625,132.92999267578125,15285500.0
2026-03-27,129.8800048828125,130.64999389648438,123.9800033569336,126.02999877929688,21475100.0
2026-03-30,129.5500030517578,130.33999633789062,120.80000305175781,121.44000244140625,15800400.0
2026-03-31,123.16000366210938,125.30000305175781,117.75,124.80000305175781,21290300.0
2026-04-01,126.18000030517578,126.30000305175781,121.44000244140625,122.77999877929688,15378300.0
2026-04-02,119.80000305175781,122.6500015258789,116.4000015258789,119.83000183105469,17609700.0
2026-04-06,124.56999969482422,128.4600067138672,123.19999694824219,127.69000244140625,18435900.0
2026-04-07,125.31999969482422,126.73999786376953,121.13999938964844,123.72000122070312,14284200.0
2026-04-08,133.6699981689453,134.5,126.12999725341797,128.3000030517578,17149200.0
2026-04-09,127.83000183105469,132.2100067138672,125.80000305175781,128.86000061035156,14497400.0
2026-04-10,130.0500030517578,132.27999877929688,127.4000015258789,128.63999938964844,13097500.0
2026-04-13,126.6500015258789,132.49000549316406,125.04000091552734,132.36000061035156,12804700.0
2026-04-14,137.92999267578125,143.6999969482422,136.32000732421875,137.41000366210938,20643200.0
2026-04-15,139.75,143.75,135.49000549316406,143.5399932861328,13941700.0
2026-04-16,143.2100067138672,149.16000366210938,139.3300018310547,148.94000244140625,17638000.0
2026-04-17,154.6300048828125,173.14999389648438,153.77000427246094,166.52000427246094,52173700.0
2026-04-20,162.3000030517578,171.05999755859375,160.63999938964844,170.80999755859375,22173500.0
2026-04-21,170.61000061035156,172.89999389648438,163.75,163.97000122070312,22153500.0
2026-04-22,174.92999267578125,183.25,174.0,179.36000061035156,31893900.0
2026-04-23,175.8800048828125,180.9199981689453,171.5399932861328,172.47000122070312,19559000.0
2026-04-24,176.8800048828125,177.27999877929688,169.00999450683594,171.02000427246094,14119400.0
2026-04-27,170.9199981689453,175.75,167.61000061035156,169.1999969482422,13295400.0
2026-04-28,163.8699951171875,166.83999633789062,159.67999267578125,165.7100067138672,13858700.0
2026-04-29,165.7100067138672,165.74000549316406,156.11000061035156,158.19000244140625,15146200.0
2026-04-30,161.77000427246094,166.83999633789062,159.0,165.4499969482422,12437800.0
2026-05-01,170.8000030517578,180.3800048828125,169.42999267578125,177.1699981689453,21661200.0
2026-05-04,180.89999389648438,186.00999450683594,178.49000549316406,183.8000030517578,18210200.0
2026-05-05,189.5500030517578,190.41000366210938,183.72000122070312,186.89999389648438,15512800.0
2026-05-06,184.57000732421875,188.25999450683594,178.94000244140625,186.82000732421875,14338600.0
2026-05-07,184.41000366210938,184.41000366210938,175.72000122070312,179.83999633789062,15918100.0
2026-05-08,178.67999267578125,187.77000427246094,177.60000610351562,187.58999633789062,15985200.0
2026-05-11,189.1999969482422,197.0,182.30999755859375,195.94000244140625,16063000.0
2026-05-12,191.3300018310547,192.24000549316406,179.85000610351562,184.4199981689453,14738500.0
2026-05-13,182.02999877929688,182.47999572753906,175.57000732421875,178.02999877929688,12480700.0
2026-05-14,177.85000610351562,193.0,174.63999938964844,186.97000122070312,15859400.0
2026-05-15,182.11000061035156,182.22999572753906,173.61000061035156,177.4199981689453,19654300.0
2026-05-18,169.17999267578125,169.17999267578125,162.02000427246094,166.6300048828125,19299700.0
2026-05-19,163.99000549316406,168.49000549316406,163.5,164.6300048828125,10002000.0
2026-05-20,166.0,169.22999572753906,163.25999450683594,165.80999755859375,9825300.0
2026-05-21,164.27999877929688,168.7100067138672,160.57000732421875,164.85000610351562,10526900.0
2026-05-22,164.08999633789062,165.66000366210938,159.24000549316406,159.88999938964844,12786800.0
2026-05-26,160.8300018310547,167.0,159.27999877929688,159.92999267578125,11819500.0
2026-05-27,156.75999450683594,157.5500030517578,153.82000732421875,154.1999969482422,11885100.0
2026-05-28,148.97999572753906,153.63999938964844,144.3000030517578,151.63999938964844,16275000.0
2026-05-29,149.92999267578125,162.05999755859375,148.1999969482422,159.08999633789062,19225600.0
2026-06-01,148.47000122070312,153.8699951171875,144.2899932861328,149.77999877929688,17780300.0
2026-06-02,142.69000244140625,142.8000030517578,134.11000061035156,136.0800018310547,31130800.0
2026-06-03,134.5,138.17999267578125,125.0,126.55000305175781,21141800.0
2026-06-04,126.75,131.47000122070312,125.6500015258789,129.3699951171875,24590400.0
2026-06-05,124.25,125.30000305175781,114.30999755859375,120.44000244140625,41943500.0
2026-06-08,125.83999633789062,129.0,123.1500015258789,127.19999694824219,20952000.0
2026-06-09,122.8499984741211,125.55000305175781,114.20999908447266,117.0199966430664,23055700.0
2026-06-10,116.30000305175781,120.94000244140625,115.0,115.3499984741211,15690800.0
2026-06-11,116.11000061035156,121.0999984741211,113.2699966430664,120.1500015258789,17574200.0
2026-06-12,119.48999786376953,128.60000610351562,117.2699966430664,123.97000122070312,16772200.0
2026-06-15,133.22000122070312,136.25,130.6300048828125,131.13999938964844,19982400.0
2026-06-16,129.3800048828125,131.6999969482422,122.5,122.80999755859375,17795600.0
2026-06-17,123.01000213623047,125.41999816894531,116.36000061035156,116.55999755859375,18052900.0
2026-06-18,117.63999938964844,117.75,107.8499984741211,112.52999877929688,35530700.0
2026-06-22,116.20999908447266,120.0,107.30999755859375,109.45999908447266,25287400.0
2026-06-23,106.54000091552734,107.76000213623047,103.5199966430664,103.83999633789062,22502900.0
2026-06-24,102.4800033569336,102.97000122070312,92.27999877929688,94.12999725341797,40121100.0
2026-06-25,94.69000244140625,94.72000122070312,85.0,85.33000183105469,45066500.0
2026-06-26,83.2300033569336,87.66999816894531,81.80999755859375,82.30999755859375,45680000.0
2026-06-29,85.66999816894531,94.37000274658203,82.72000122070312,92.68000030517578,44931500.0
2026-06-30,86.20999908447266,88.26000213623047,83.41999816894531,86.93000030517578,35676600.0
2026-07-01,87.69999694824219,98.52999877929688,86.19999694824219,93.38999938964844,34687100.0
2026-07-02,99.8499984741211,104.11000061035156,97.56999969482422,100.7699966430664,34625800.0
2026-07-06,95.13999938964844,104.77999877929688,94.62999725341797,100.7699966430664,27536200.0
2026-07-07,101.18000030517578,103.55999755859375,96.95999908447266,97.36000061035156,18218000.0
2026-07-08,93.68000030517578,95.04000091552734,91.77999877929688,93.87000274658203,17801100.0
2026-07-09,94.05999755859375,96.80000305175781,92.83000183105469,93.88999938964844,13822800.0
2026-07-10,98.76000213623047,100.12000274658203,93.3499984741211,94.63999938964844,16284500.0
2026-07-13,91.48999786376953,93.63999938964844,90.0199966430664,92.0999984741211,12682300.0
2026-07-14,94.76000213623047,98.02999877929688,93.55999755859375,97.58000183105469,18043700.0
2026-07-15,99.79000091552734,101.94999694824219,96.36000061035156,97.47000122070312,14584900.0
2026-07-16,96.0,96.61000061035156,93.44999694824219,94.02999877929688,11365100.0
2026-07-17,91.30000305175781,95.97000122070312,90.05999755859375,94.8499984741211,13064500.0
2026-07-20,95.62000274658203,100.91999816894531,94.86000061035156,97.81999969482422,16170500.0
2026-07-21,101.30999755859375,104.5999984741211,99.94999694824219,101.94999694824219,20223500.0
2026-07-22,100.05999755859375,101.94999694824219,98.12000274658203,100.01000213623047,13066300.0
2026-07-23,97.0,97.51000213623047,92.33999633789062,93.62999725341797,17186400.0
2026-07-24,93.37000274658203,93.68000030517578,89.76000213623047,91.66999816894531,13088100.0
2026-07-27,94.54000091552734,99.16000366210938,94.0199966430664,98.6500015258789,17633500.0
2026-07-28,95.47000122070312,98.37000274658203,93.12000274658203,96.16000366210938,13353300.0
2026-07-29,96.37999725341797,100.05000305175781,93.2699966430664,93.33000183105469,14243200.0
2026-07-30,95.08999633789062,98.22000122070312,94.33000183105469,97.73999786376953,13472200.0
2026-07-31,94.86000061035156,95.19999694824219,89.20999908447266,93.27999877929688,20678300.0
2026-08-03,92.01000213623047,96.05999755859375,90.93000030517578,94.86000061035156,13894600.0
2026-08-04,93.91000366210938,97.9800033569336,93.4000015258789,97.6500015258789,15220800.0
2026-08-05,97.91999816894531,99.2300033569336,96.12000274658203,98.37000274658203,13695600.0
2026-08-06,96.05999755859375,98.37999725341797,95.44000244140625,96.8499984741211,10128700.0
2026-08-07,101.33999633789062,105.5,96.7699966430664,100.01000213623047,29002700.0
2026-08-10,99.45999908447266,100.7699966430664,96.23999786376953,97.33000183105469,13560300.0
2026-08-11,97.4000015258789,99.26000213623047,95.13999938964844,96.08999633789062,12159900.0
2026-08-12,97.16000366210938,97.88999938964844,94.5999984741211,94.83000183105469,11468100.0
2026-08-13,94.83000183105469,98.87999725341797,94.27999877929688,97.0999984741211,18336800.0
2026-08-14,94.9800033569336,95.08000183105469,91.66999816894531,93.04000091552734,20678800.0
2026-08-17,93.25,98.56999969482422,93.08000183105469,97.68000030517578,20353400.0
2026-08-18,95.83999633789062,97.66000366210938,92.44999694824219,92.5199966430664,16809100.0
